AA4GC72H2UZQ4,+1
A1J1QS7I60O018,+1
A2V18JN5XI2GOB,+1
A3RPL2RYFV2HVZ,+1
A1HEI1CQHCNB0V,+1
A7EJERNB7IK3Z,+1
A1FEP94TP15RG0,-1
A2IKJOQVJG9JL3,+1
A250DA7FHOZ15B,+1
A3HXME9ZRYK5P,-1
A1OG3QEAW69749,+1
A2RME4353Y911C,-1
A104NBZOSZODEQ,+1
A2A5RQRIUHGVOM,-1
AYKK46NTS0MUZ,+1
A3MCIDR343EMRP,+1
A3VS66YC7IXCC2,+1
A9SJ5ZT9924DB,+1
A1NVKR2POLRON8,+1
AIS5E4AT749TT,+1
A1EPP56A17R62Q,+1
A21J6NI4JKSOK2,+1
A31N6KB160O508,+1
A3SSVI14J5S3UJ,+1
A3FIBCSCXXZ38G,+1
A31MZR41SM9JU5,-1
A3HQKFTDZZZHNR,+1
A24B9YQ1YWFHLF,+1
ACAIEIV03NBHY,+1
A36PPDWYJKK8SG,+1
A3AQMFF8BIQ6M4,+1
AV03AG7NZN5P8,+1
A2WE93LJX8PMT1,+1
A145WP4BLE31XM,+1
A2MUGFV2TDQ47K,+1
A2INYBYIGCBU9T,+1
A6L6ADVQQIFLL,+1
A1RETZE165IHP8,+1
A5FBDIZ6VV4L6,+1
AEPEDQPMVQUUR,+1
A12JZ2L90VL35Y,+1
AQDKKTFH5XREM,+1
A2DHA9BIS3NB2H,+1
A2VI53GHHGRBK2,+1
A3HTT401A6216J,+1
A1FWFCJU2G7TRA,+1
A26NEQFG6FIBXH,+1
A2I1FCE78576GM,+1
APPDY8ZYWPBOJ,+1
A142CJN2IB9C9Q,+1
A3EXWV8FNSSFL6,+1
A3OWU1R4LAL8GF,+1
AHVASC86C9VPS,+1
A3MTY0ZE9WYJHL,+1
A1M2ZUUDE40BW5,+1
A1HI4GHMPIQ5YY,+1
AQ5DOLCW77FEE,+1
A2L35P0VQE7LBN,+1
AR00NS8HUD13Y,+1
A30HHGQ1P5OXTZ,+1
A16BX5YGVLJEJI,+1
A36HEY6E2XQT75,+1
A1LQ1KQU70QGA,+1
A356TMH6DQFT2E,+1
AORGKBNQZ83O8,+1
A3NFXPFK2E58B6,+1
AZ26CDSJ363AH,+1
A18RIOMAB7DJQ,-1
A3VNZ2DMCCAMED,+1
ABK32ED0M15MR,-1
AFZILYQ3IMG9G,+1
ADNA24AADKBQ9,+1
A3SLPC4WE0HVAV,+1
A2TPM6XC32QPW9,+1
A1SO1PGDNVMLXC,+1
A1VRK6CZDH1U56,+1
A1ADMN7EY9STCO,+1
A2DYSR56EFNYJX,+1
A3H1Y72CU3O9O0,+1
A3Q7C0V12LS2WF,+1
A38HBNKB5R2SJY,+1
A1RH1D58EN35EX,+1
A8WWKP4IPMD7,+1
A12ENBT314RFXR,+1
A16I6WJUEBJ1C3,+1
A16OSI6MRANO0D,+1
AMDREWLSOT8ID,+1
A2B7BUH8834Y6M,+1
AP6OL1S616QPD,+1
A2HCKBBEXELJ3R,+1
A2I5M1X863QB8L,+1
AXD7RT6ARS6C1,+1
A2CPAJT5GV9C7Y,+1
A3L35NP2WR87LI,+1
A3EO7N1F1NPF64,+1
AJLW1DZSHOVGW,+1
AFBAML6LS05KB,+1
A3KWE0MDWK5BN7,+1
A236IN6J0H7E2V,+1
A3L9NGPTBJBQEL,-1
A3P84TZX9X1B3X,+1
A28Q0JA9H8WZOD,+1
AF7KVFTGUBK98,+1
A3EH0O05YNABWG,-1
A1XMXW9OQTRNE8,+1
A2U8CXFE06D663,+1
A3US1QSEMTLW18,-1
A3TJPSWY2HE4BS,-1
A1G6SB0FDFG9TB,+1
AZ4T61QUJHA9E,+1
A3OJODCRBTTF51,+1
A3SJUCPMB971EJ,+1
AZG3HY4YMNDBB,-1
AY1B3M3M4WC1A,+1
A2YKMLYKSVBIJA,+1
A3NKSVKXMM5I4T,+1
A1S2RLVMEVPXWL,+1
ABCNNP742AV30,-1
A1U2VI8HX5ZXC1,+1
AQXR5XB3URGK9,+1
AFVF6MM3UN44N,+1
A1ADBFXP4CFNRA,-1
A1698Y18IW609N,+1
A1GGE62MH8TT5P,+1
A311GV8XGDIEOY,-1
A94HQKQR8IZF1,+1
A297OARE76DMYM,+1
A1TNK6MP89YXY2,+1
A2RKTYBWHIUD02,+1
A1DB4U8ISVULVE,-1
AJXA1LEPPNFW4,-1
A2V2GS1VOYGP2Y,+1
A1WP7H0MXYV81D,+1
A10AFVU66A79Y1,+1
ASBLUZWS98EM2,+1
AY3IAMPH9O3XE,+1
ABRS0P2QFS1QP,+1
A2211XUAO701D7,+1
A3L8EWT1CFSPT1,+1
A2IAHIO9LCK1VO,+1
A8X0LK83DLNRS,+1
A3MJARDJ31M698,-1
A948FPTGYXYBO,+1
AD1QYPQT28F0U,+1
A35R4H6CQEUIWV,+1
A1BSQ83BO7I1FV,+1
AWGO3M6ZI4KKH,+1
AXERH6EMBR7MC,-1
A2AXHGGXK5SZ8,+1
A1HWGML9OCYCP3,+1
AC6OYOJRD3MUU,+1
A3NM8FRJ8I1TES,+1
A2WJ1V4LK1578Q,+1
A398JRWHVAVZ9U,+1
A1TGUV7508AXPV,+1
ACVG9KKQKTC3F,-1
A1JEZHC7537JO4,-1
A1C1R6922S2V5Y,+1
A37USOKUTI724H,+1
A15XSWG3ZX9SHS,+1
A1YV4U8304IQ,+1
AIDL4DGVARK25,+1
A1L4RDILGM7D9E,+1
A19XMHRB3G4DIR,+1
AV6G07JV1P9YC,+1
ATKC23BG2B0R7,+1
A2S83TYNA9FR1E,+1
A1Z54EM24Y40LL,+1
A3IMO49QD6OYKN,+1
A2YWRWSLEJRM92,+1
A15OKXTGDML5MJ,+1
A1EARN5PUVIF1S,+1
A3JCWGHCVC2ZNF,+1
A37T8V8TLYVIXQ,+1
A3UTK9FHYS23EW,+1
AJ6IKN18GPK5N,+1
A2C9XE9I8RSKNX,+1
A1CRZ7NFROF4HX,+1
A2SIXFF0M93G27,+1
A2MH83HHGLM72E,+1
A2MHH4FWA6B6FV,+1
ALSAOZ1V546VT,+1
AMRMK86X3PKXD,+1
AXVNVV5VH5XZY,+1
A266OAY9BKJH5A,+1
A3HQRF30P9UFBL,+1
A3CF21PXZHTEDJ,+1
AOP37U60U9JKU,+1
AORJTIS3UJMX5,+1
A3KQ9HS0D646J2,+1
A1SHX777NCRX1C,+1
A144UN94BWDYXM,+1
A3NQTNQ9W0XF1K,+1
A2WKZTY8BSS7WJ,+1
A3C00N4UHA5XYX,+1
A38TG4C4RZCIF6,+1
A2F1K346NIUSY1,+1
A20XKFP1MCCBOQ,+1
A1W8M57U8NKEEC,+1
A1UF2ALNA3YHEW,+1
AE29A0NN7V5I0,+1
A1V3T2U0NR30Y6,+1
A3T8J075H85W5A,-1
A3J56VQ11MKTJT,+1
A2281IK7K4MRMY,+1
A3NL4VV8FXZ266,+1
A2B8GXSCB1R05T,+1
A2PL0US7RN67G,+1
A2A9X58G2GTBLP,+1
A2817AWABAP3RC,+1
A2KA3OSWQIO67I,+1
A3P3U42S4A2YHQ,+1
AGKR2TF00A5OD,+1
AHIK7BUXFRMT8,+1
ANF0XRBISV40,+1
A2429SSTK8K5US,+1
A16O0S1QROXGJM,+1
A2N3N439PRGV3I,+1
A2VAD79S4A06DD,-1
A3ANHFRO0BMR85,+1
A3PNLVU1ZX1XJG,-1
A2Q11LO2M5GXDU,+1
A3GR1W9KZ62MTJ,+1
A1JUPMQ29HWR1W,-1
A3A57JYKU82ZRW,+1
AYQXVKGCQ1L1Z,-1
A3BWJUI2NCO409,+1
A2TA37C7P7711W,+1
A3AMDR3RZP1RQQ,+1
A1CHH7M2J6SHA5,+1
A2GCXTM1C11I1A,+1
A2IGRTQZXLRTS7,+1
A3NQ0PVNWRR0Z6,+1
A7WEPZL9UYZML,+1
AENLD33KQ6MJ4,+1
A2GQ7GU0LEQDNF,+1
A2VM61X81MSHHW,-1
A2ZBLKE83EFNGA,+1
A15GDVKMYRUPRC,+1
A36C9DYRKYZI3C,+1
AJ0XANDMK645Q,+1
AT9U5ZE5OO84C,+1
A1FK9YLS9IEQGO,+1
A2ASW24UL56E3H,-1
A20YTSYB64D24I,-1
AER05ICVO0ECJ,+1
A1H6VW0W3UIK0K,-1
ABBQNOK1V3521,-1
AYGIIQGSHKZNI,+1
A26SYXM0IZMYPN,-1
A106MNO7PYG1WL,-1
A37PV5GMP2ILJC,+1
A276BKCK4ZE7EW,+1
ASDCYQT0UQ1ZF,+1
A1F03GQAHBFVGU,+1
A2YQR3A1S9A571,+1
AL7LDDJ04Z18Q,+1
A2FBP7NGRMG73O,+1
AGZKJ1RCAT9Z9,+1
A18M0KQ6RPH2JD,+1
A2XFFETFCW2A6K,-1
AM45SEDUILCHI,+1
AKHFY3VCNZL2W,+1
A2NI95Y8UNE85D,+1
A2CLDRW7GVDOZ1,+1
A2FKVOV9422KOS,+1
A1YUL9PCJR3JTY,+1
A1S0EW0NLMFVAB,-1
A2W9I628I6SE1U,+1
AW7JE3I8B72PS,+1
A86BC3J6G60UC,+1
A2SS2Z1T1LXTWG,+1
A232HMXXW8Z6XT,+1
A3CV7TZLXQGWA8,+1
A1RJUXDK64O91A,+1
A1R0Z1BJGWRH8E,-1
A2AMU2D350BAOF,+1
A17X8OG3YEZBDJ,+1
A3T4KSOOS8FIU3,+1
A21QS27OBPVWTL,+1
A1J52MX2YDWSU0,+1
A39MB61G68XLS4,+1
AUBJ799D34OPD,+1
AXLEXZ750G5SE,-1
A3JCSJC01SIAQX,+1
A1W66FBLS1VXTE,-1
AXQIHSF9KK7CO,+1
A2GT59NKF3231S,-1
A278535AIRIJMV,+1
A1UJP71YUPP9FS,-1
A1B2HCS03AC5DT,+1
A3HXIIRWL92LID,-1
AVR3F6VQYIMZW,+1
A14WNZ8T1YITTT,+1
A3FRPRII69O8GM,+1
A3RJD5EC6MYEE7,+1
A3DPH7DOW5RLQ5,+1
A29B2WW3SIG9BZ,+1
AVD4CW13F9JF5,+1
A1LIV9QXL6YEU8,+1
A3TPLK0JV6NKK6,+1
A9101KNY0S3H2,+1
A15ASTBZBU7AXD,+1
A2HADFGH442QE7,+1
A1UR1B8MLEX5LF,+1
A3D8YWC5M2MDV,+1
A6GMEO3VRY51S,+1
A3A3RB38KY7WTM,-1
A2A97SK9GI8ZQY,+1
A3UPTWOH5Y4SD3,+1
AJV2QY96IVPVM,+1
A2E3SQ2J7AB0JL,+1
A31GQ2U36G30IG,+1
A3PRVC4V2CZAPR,+1
A17IGFR37ISWPL,+1
A29JUMRL1US6YP,+1
A1PB97BLMR9X2S,+1
A16Q1LYIDE2WDZ,+1
A1VL2RQ4J7JUMR,+1
A34UVV757IKPVB,+1
AHA3EU8E216Z6,+1
A3A84PZSD9J6AL,+1
A2SZWFJX0783BF,+1
A3KZLIEGCSSM5L,+1
A6KL17KKN0A5L,+1
ALJ77PYM7D513,+1
A1F7SX3GNVBNE3,+1
AQQ79QLD9K4OF,+1
A28KCF8N1U7MAF,+1
A3DPQLR4M6INKH,+1
AFAPAQFCEYVNT,+1
A1TB6EJFXJDW12,+1
A32PW3Z8XYOZUM,-1
A233OPIX0YGN98,+1
AYSYN1KLL6W5D,+1
A3QCK1EO62XSND,+1
A3G5MOHY1U635N,+1
AFO5O26ZO244A,+1
A3MF5Q9IHZR6IY,+1
A1JE5UZ4S352NV,-1
A1WBAQ6919P3BW,+1
ARVQ4KDMT0FS9,+1
A2TJG4N8LNJW23,+1
A1T6C1X1CG9BEA,+1
A3E5PHPXUU0T58,+1
A2ED4B451YNIRG,-1
A134S6TOUH24QV,+1
A22I8SLCVGXC5X,+1
A37BNU9KEYV2UC,+1
A22CW0ZHY3NJH8,+1
A2SUWSNZP5OJ7T,+1
A347XJQ184KKXU,+1
A2WBH4ZM4J8RDK,+1
A5335DEXO3PB9,+1
A2DB720I9XRX7K,+1
A15H73KHFVDRCW,+1
A1BET7AUXYEHCJ,+1
A3PL5U3JYRSWQ1,+1
AZ5X928CQPRJN,+1
AC4UHSIEKM35K,+1
A35ILISZIIEI1E,+1
A1VJ5NI12T31HD,+1
A1Y7N490JGD06U,-1
A8P8KPVXCWV9R,+1
A2X7CQ27QJ16HV,+1
A10Q1QIHVXKT8M,+1
A3H7NPNDMGLOU4,+1
A1XJ2998CTGERT,+1
A7JW9WS18LOKX,+1
A18CWBL4WXMT96,+1
A12OC9ZA779927,-1
A1RWFQ6GR72S8C,+1
ALRZBB393F38U,+1
A3FY3H6F4249E0,+1
A2NPMFYIJ1J7XS,+1
A1MOH4G96RL54O,+1
AC57NCZZMO67O,+1
A3FBOUQQWKO2T2,+1
A2PF32UUERJXB8,+1
A34KXKL8AA6ZY4,+1
A3UQXHI88S7XAX,+1
A1X2GWDA6TTWY8,+1
A2XPZJEV1JP19U,+1
A2FLP1M2MP0NYK,+1
A2FO1R8FB6BLDI,+1
A3K0YGF422W6GK,+1
ACYR6O588USK,+1
A1F6BHEYB7R6R7,+1
A10T2H6N4BDQ7I,+1
A3VDQD94VOMAXA,+1
A39EW9DLVX70B9,+1
A3F9DLB6ZLL13B,+1
A1KLA02LZXAT46,+1
A1YGCU0QQKZC29,+1
AMPPPNBMRAEBF,+1
A3NHUQ33CFH3VM,+1
A3J30T6XOU0BWS,+1
A3U41ZL33SS92P,+1
A1GQGYROVZVW49,+1
A3Q3FT2J9P3FGK,-1
A1C573233MQPPI,+1
A1O3X2RXPIB8XF,+1
A35AO17K502IOK,-1
A1HPTOV8GP10FI,+1
A33SF0MD1XMGZ,+1
A1A0UP9WW8UDDV,+1
A8NUOJQ9GQ2VJ,+1
ANU1MAZBJQIA0,+1
A1SQ7NX5805BXU,+1
A2N5YX7DLGPG3K,-1
A3HZZYLFH0R397,+1
A1UUPJ50XEPSYW,-1
ADZM7KBKRNLD,+1
AHNQ1JNX52P01,+1
A1ZBQ5QL976804,+1
A10TCTBUQRY3RC,+1
A2NIWOK7H2EWRR,+1
A85V7EAHDOMA4,+1
ADF5WNMEPD5KT,-1
A3ES3MNTQFVTYY,+1
A1WE8KTC20NY65,+1
A35LT14WG5BX0T,+1
A2VH0UT5EQFB6P,+1
A2ZTQGLCU3LU74,+1
A3L9ITICJRQWT9,-1
AHOSY8W7EWK4O,+1
A1MMTCL1JTBR6K,+1
A1G6Q2NQMJ2C3X,+1
A3I9L8C5HNTVJB,+1
A2KWAK0GAA8IBW,+1
A1ODOGXEYECQQ8,+1
A3AVZFYNP9PHMG,+1
A2FS9CYCWC6HLW,+1
A2SSV6KM3W1VFD,+1
A10SJ9VQFNFM73,+1
A3RU3PJ3NUCN2J,+1
A2QVVNPG3CTFVR,+1
A1W415JP5WEAJK,+1
A2OH3FUSQ6P0KL,-1
ASEGKEBLODKZE,+1
A1C8RYQYYQAPA3,+1
A3B1360JOYS0GJ,+1
A2V671K0SSKI0V,-1
A3TSIOLMFAQRZN,+1
A1080SE9X3ECK0,+1
A3DDFG67CTADLU,+1
A1HBC0NBQJHT7X,+1
A249W93JNSUZ9Q,+1
A3UP5T3NEQ0E5S,+1
A1MUQUK1M4UK16,+1
A1OXGA8F2SP7PJ,+1
A1W3TUKVZW0NE3,-1
A2YKWYC3WQJX5J,+1
A3SUE09UYSCJ1Q,+1
A16ECV9511MGE5,-1
AF7DZ97VNSEWN,+1
A2XPDQ3CMATK67,+1
A29IPF6KF8D5YW,-1
A4DTM6B4IBYQX,+1
A3S9DOTT4Z8JF9,+1
A2VIBZWD67KTKC,+1
A37HCYJX1CTSF3,+1
AQ8WRF7TE5PPS,-1
ABEXK4W0JNE6M,+1
A27MOT4ZIUAKIW,+1
A2GR7SRMJ54RG7,+1
AH8NYD41MAT61,+1
A2J5MKMYFKO0ZB,+1
A13T0V3LHOTHDL,+1
A5OWTJLIR5Y7K,+1
A3TS7BAOQ47DI7,-1
A1U37D8Q1ZQGFC,+1
A31G8HV0HQSG8L,+1
AW2V6X7C483BD,+1
A31GENNDY669Z1,+1
A2E30DTXCQ807J,-1
A1MC6BFHWY6WC3,+1
A2APBHKZCMD6DO,-1
A2IN66QZMBXRCT,+1
A3TX1OZ9LZWUEK,+1
AALIINL2LPJEL,+1
A3HTS3RFGNT6HC,+1
A1VCOTDOS8WDWZ,+1
AA56INWQK0RKY,+1
A1804Z5697O7SX,+1
AOVROBZ8BNTP7,+1
A3RGPBC7HZA8V4,+1
A2ADMKAMXLOQ6J,+1
A361LFHSJ9G09G,+1
A2MOJANFPX353G,+1
A24HWYHR28JJ7A,+1
A28J1BTDYVPKHG,+1
ARQPQ8LF5NTEZ,+1
ARC41G0OK4HA5,+1
A2EPRB513HYKV8,+1
AANQHZLEOYPZW,+1
A331T1MEPUCBYV,+1
A3NKRBAWSVGMLA,+1
A2EDZE5T2P2U7T,+1
A2UEPC8TKR5YX7,+1
A1RADTHXONQYP0,+1
A1EYQFLURDOM3D,-1
A1L91NLNUQSOEW,-1
A2MXPIUZYSVHBP,+1
A3M174IC0VXOS2,+1
ABQO8Y591T96X,+1
A21VRPTG99PC3K,+1
A2LSBXARAF7OOX,+1
A21FG5A07GCSCL,+1
A14KF2FEEDGNZ9,+1
A1EX90COGDTVFS,+1
A191T1D7JURDMI,+1
A2P3GLJU22VAMD,-1
A276CFPBYBLQNT,+1
A24CTJ2DO0AJ62,+1
A3PVQGDJCOUZD1,+1
A1GB6K7PQA8DN5,+1
A1UE15X3SNLJ57,+1
A3EICZTLGAJQFL,+1
A2YUIWAG8GIXHO,+1
A2ZY23X9IKXMON,+1
A1EBJF0JQWR90D,+1
A1RNN3EKXDFHCB,+1
A2A008V39X3J0K,+1
AQQLWCMRNDFGI,+1
AU3GYRAKBUAEU,+1
A3NIA27T3QOFOV,-1
A1RMYTOAF6FXM6,+1
A1RA68NKGP5LK6,+1
AKGG1DDHNA7XW,+1
A3PC3MU9CQCGSF,-1
A2KXRMLVN693R6,+1
A2L19XLK1JQS3I,+1
A1LQMI5ASSB1OY,+1
A2IJ7JFHB94EKX,+1
A1421EDED1JI4I,+1
A258FXO3O8EQQE,+1
A5CR6GP49HVEE,+1
A2G7B7FKP2O2PU,+1
A3AOF4C0MXEQSP,+1
A389KK46AH771B,+1
AF8XI1GPGSCH3,+1
A1BUQFI9H7CKTD,+1
A1KIE0P0LYVGFK,+1
A2WP82F8OT207X,+1
A3UEALZPSRM9II,-1
A1QLF7ULGL1D3Q,+1
A181WJD6XNAN1Q,+1
AQKK1FF4LFFBH,-1
A2ZSC81MXLBELX,+1
A3841OH5SMWSG4,+1
ARU2H2PYTNCAX,-1
A1QOK5WCD3KEDC,+1
A31J176KH7ZZEY,+1
AR3W7J6L7HFDJ,+1
A20A2SOQ4E05FZ,+1
AFZVLC07XD0M7,+1
A2GOTW3U8IIR7J,+1
A2O5CCUSFNMBDB,+1
A3RYIEKT0DPBWG,+1
A14I4G6NE1AEHJ,+1
A3NKQ6NPDL9J7Q,-1
A2UXU21SUAV4B6,+1
A2X96RSSCVYKCR,+1
A2G95XU4Z814XG,+1
AHFT1TU6FEFQ8,+1
A3MLOUYSAIGOFY,+1
A1PYBVIV3V5UO5,+1
A1TTREMB4DDEX7,+1
A34EGKN2KDX08N,+1
A3N1GMN95DB291,+1
AUHY32O2O6KH6,+1
AMQAR4BE69OD7,+1
APDJAP3RELMS5,+1
A3FU9DEQK8GFJM,+1
A27VBMB8NNKEJU,+1
A1V63QX9C0A0OQ,-1
A3GOEFCWETC23E,+1
A2H5ROZZC74XN1,+1
A2AHJFRKTRPELY,+1
AZLZKIKS2802U,+1
A1WXJ1I42UOQ2V,+1
A1H4NF2OI9P8P7,+1
A1CVPBZYFSVIAQ,-1
A2OGKKYG2HM7R3,+1
A36JDIN9RAAIEC,+1
A31KEDM3BCYK6D,+1
A3SYJR1HDV113W,+1
A5D2SF1EMAAB2,+1
ANKQGTXHREOI5,+1
A1K33E0M8K6S63,+1
A2M3V7P6G9DC7K,+1
A2ZM0DD9ECO86J,+1
A346XW97VHQG45,+1
A1TCSC0YWT82Q0,+1
A1F7YU6O5RU432,+1
A2F66WDN8IO18N,+1
A13K3ZLWAWN1EI,+1
A13J57AACBVI5I,+1
A2U58C5IL0TCN4,+1
A1MJI53T1G0OUT,+1
A2V5M9PJB971I2,+1
A1SYLII0808HD6,+1
AEHE32JEKAQGP,+1
A2VQWV1HMW99AS,+1
A2VG3F7CA6O9QZ,+1
A21F5EJGLBH2QL,-1
A2BZQDGWUEB3I6,+1
A13Q6H52XULPYL,+1
A7XO1DM6W3DOS,+1
ATNY35C54SQPO,+1
AQGPU024J69ZV,+1
A17CZLR2CM1XIQ,+1
A3KIP9MC041DGZ,+1
A1GI83PGPXAK26,+1
A3VQ9K1V0Z76I1,+1
ATZ318UY72KZ0,+1
A1WOMXOEX90ARI,+1
AOTSKKZMF4LHM,+1
A21S0K5PU4YO9L,+1
A2CV6KXDKFYIN1,+1
ALH32SI0M8855,+1
A3RCDQEGJRTEY4,+1
A2V0387TN0IQW1,+1
A1LL6T11TQTRY,+1
A1QU1I8G0THMA0,+1
A3RR2P5IS3DGPR,+1
A11NFERETUWA8Z,+1
ADBBSN68NTDII,+1
AOA8FL94KQ6XP,-1
A1V81ZAUGS0LE3,+1
AQLL2R1PPR46X,+1
AS9BM0ZQOXMCY,+1
AY3XPKRAMKKY7,+1
A23PF0J8IKZHKI,+1
A19Y3Z5SFLDYPK,+1
A3HHYHVG9XJ58Z,-1
A3774UJAKO4FHI,+1
A380S0FSWNY6QK,+1
A3U9QS8DG7S7JP,+1
AATQJWMI88ZP6,+1
A12WJO174B5F51,+1
AO0HPTFIKQE9B,+1
A23MKSHD31YDNE,+1
A3J4NARZK4Q4PX,+1
A2L23BYEPDQT6M,+1
A1NS4SJZFYMKMG,+1
AQ6AGWKWMTY8H,+1
A3SGJD66DQULZY,+1
A2UDUJG17I8S1,+1
A3N8FQIB7MLVGD,+1
A1P6S7F4MD476C,-1
AVE9KNJYJDESB,+1
A25Q33C6TYGC98,+1
AY1EF0GOH80EK,+1
AN11XFDR3CZ6F,+1
A2SZI14XX6766E,+1
A3QWPNDJ7ET7BL,+1
AUCEUTMJBY8MP,+1
A3D7FUBG14QWKX,-1
A3HAAMN6X92OZP,+1
A1HZ4TUPLQ1ZEA,+1
A2GUXRR0DPXM2Q,+1
A2EF1KIQ7TMPPF,+1
A3AZI828WJN1CD,+1
A5UBMK0DCCD7G,+1
A1ZSF5CJ0A4CIO,+1
A1XKHAW6JX686J,-1
A3Q85DE02HMDAZ,+1
A2BJTZ5JZHAJ9B,+1
ASFJUWKRT16VF,+1
A22H0NAS6G66ZI,+1
API5JLBRT6FIN,+1
A21ESVL96WF620,+1
A84B1KO7074HC,+1
AUW5XC67E9MIL,+1
AZ80XGWSRV879,+1
A1TD07CSRR8DN,+1
A3GF0GES2U2V19,+1
A1ZPY91VE3IDN1,+1
A1XZ2R37RYKZXI,+1
A1SZJQFD8ECPSX,-1
A1QB9DL94EXMUT,+1
A3R4IKZLURBKKD,+1
A1FDV3WPOHREY9,+1
A2TOO8WCGY5VFG,+1
AD3NN24XE28EN,-1
A204QN2VRUQA9B,+1
AVJJ2D4G5I0Z4,+1
A52X1I4UT56KL,+1
AET3795YBJZWY,+1
A32AVBIWE6EB7Y,+1
A1EA3QWLRO24X8,+1
A2ZUV1B4BWXKSZ,+1
A10GBEDF4RCOVI,+1
ALHLA8UE7JFQT,+1
A1VJS5J9RWVQ5K,+1
A36UA434L423AU,+1
A3DXJF6N9E3U70,+1
A35X2JJI49OBZP,+1
AU1N8A8XWHHTP,+1
A36JM97UIAICZK,+1
ACJT8MUC0LRF0,+1
A1FCHO6MJVHMN6,+1
A30QIRX0TROA6A,-1
A3V5O2TROCIJU9,+1
A3NID9D9WMIV01,+1
A1BIZKW047ROEO,+1
A2WPAPA1IJOAI0,+1
A34KO3JNKTZU6Y,+1
A1VGHTDOZXOOYP,+1
A1BIPJK03QKFQA,+1
A30HTE062DH3KC,+1
A23JH7D0Q03BA1,+1
A33AQPJYH7UUXR,+1
A2RIX3T3I9AGC3,+1
A2PT2XT3JMLREM,+1
ANY74IVWZPZ3,+1
A34BZM6S9L7QI4,+1
A3QMCG66BWN1TZ,+1
A2GN0U34RO12FV,+1
A101EVFXW8G49L,+1
A30TLPE2MSA58B,+1
A2ST78JTMA1OUM,+1
A3HWV1UB2MAX7H,+1
A24ZV048V7J0MT,+1
ATZ0P4653KL13,-1
A31HE5SMLZMJY4,+1
A13HRSMJ5TOWEZ,+1
A1ETN863U836XZ,+1
A1QLPXFD05AMOU,+1
A914A2LHN8BJI,+1
AQFIH82DRPMW,+1
A3HJHV83O2U8BL,+1
A2Q5YDEQBRBZMK,+1
A12IK7V7UQJSJR,+1
A1TQIPT2QBAS6Z,+1
A3D9LM07P8CXI,+1
A28DNJJ11VXFDW,+1
A14VQRIH3FDX5K,+1
AIBRTGBN07D6A,+1
A12DQUAJN9QH23,+1
A1FDVT0DLJWV78,+1
A8Y7TXSUA00H1,+1
A3KSXW1MF1GRHQ,+1
A2ANIWVAFY5554,+1
A1NQQ2N0GRZGSN,+1
AI5SG3N6F0RMN,+1
AIQDFXQG9K75D,+1
A3K5VCMJQXFACG,+1
AOXMSGH15FT41,+1
A1KPQQXV7G8CLK,+1
A1SKDF4LNR79ZZ,+1
A2GLD72HQYHG0P,+1
A3V1A3C9DTLPME,+1
A1ZWM7T7R6MO02,+1
A2BH66ZGH4JKJD,+1
A3G7M77IKGD1B7,-1
A1YDQ8I5KVNF8P,+1
A1K61W5X2R7N55,+1
A1XFKWAR5STF0,+1
AMEI4V56ZKRH6,+1
A3LWC833HQIG7J,+1
A20G52WOH7Y5M8,+1
ASJLXOX1VD4DF,+1
A3JWUFBEH12B4U,+1
A1ID3AIRENX7GZ,+1
A19VVEHTYQT3DM,-1
A2QFQINWX3UYHH,+1
A218J1WI08045B,+1
A3TPP7AD8TO6A,+1
A3HPCRD9RX351S,+1
A7VNP2A3H72JD,-1
A33CRWMJAS4VG8,-1
AGBCC4D3U4SU,+1
A3IOCPLIMYDBCD,+1
A27NMQL6AD7D13,+1
A1ZSJNSRZCNCS1,+1
A2CL818RN52NWN,+1
A2YG3SRC8AMQ6G,+1
A324E9YJGBGN05,+1
A3Q6PQXLSALUNL,+1
A2344608CT2821,-1
A1KHOI0WVQRI2J,+1
A2WBJCUK776FKY,+1
A37I5TT80YOCMF,+1
AWBMGLP57SAGK,+1
AT0J9IP8XD95F,+1
A204G7E13UW2B0,+1
A2NX6MFZP8TM6S,+1
A241HDIOHZJRBR,+1
AR7TPFHPR8VE5,+1
A1UKQK8LFXVL2Y,+1
AB4SFDDO5DT8P,+1
A75Z4TERB8Q7M,+1
A20EEWWSFMZ1PN,+1
A1C05TSWTI3VZ5,+1
A2RMVKGPSIISC0,+1
A1JD2GXVKK2VCW,+1
A3OXRFCJI67IMN,+1
A3OVGORKGD7BQ6,+1
A15F59VG746QRI,-1
A1C2Y9U7KX0ZC0,+1
APPJNVNF4BFLB,+1
A1XQKH74WID5R6,-1
A1T1YSCDW0PD25,+1
AAVXLDJPBOJBW,+1
A1VG6YYIRDO9W,+1
A3B6FOHAAOL7G3,+1
A27DYAY3FUWIZ8,+1
A1TULPQCXFXAE2,-1
A1I5TOJ4Q47YMT,+1
A33PVCHCQ2BTN0,+1
APIPGYIZSRANK,+1
A21Z0377YERLCH,-1
A10Z2MHXWP9YWJ,+1
A2ICA9ZLY7FUJ5,+1
A31ASDA3Z5BCYZ,+1
A2OETFZ7IA6XSQ,+1
A2UR44HF5K9FE5,+1
A1ODU9IV6O87IB,-1
A1QSLSSWIIS7J5,+1
A2FLG6P1M02MDW,+1
A31XCH32A17X7J,-1
ALDMJXA99NXEB,+1
A2NBVE6CVHFIY0,+1
A30Q0VM236EL8C,+1
AF3EWORDT15AU,+1
AQ5JDBXICB18J,-1
A3094EPI56GKZ6,+1
A1K82R24ROO2I7,+1
A2P43DD706FD0E,+1
A3OJX18B60PJR9,+1
A1B6M8AN0RSOWW,+1
A28J3123I1QDKI,+1
A3L27V7TOG1JZ,+1
A6T1RHMQ9NSE4,+1
AAJAN7GE1QUUG,+1
A94EJ4NMTPHT0,+1
A1Q7A78VSQ5GQ4,+1
A30LV0VEB95V51,+1
A2K5BNVW2P3F5L,+1
A38RDCFKZPQQKX,+1
A1RLGLP70NMFYC,+1
A282LQJZ5ROYS9,+1
AZ4559S8F5J4F,+1
A35SWR34V2DW13,+1
A2R4BNNO98V4A2,+1
A3SO3Q36EC3LJO,+1
A30H2335OM7RD6,+1
A319KYEIAZ3SON,+1
A32VP23GRB2UZJ,+1
A3S83AZ6OEY0YX,+1
A303QZQYO5HZ3W,+1
AII0BS4SHLJYR,+1
A18OUQEK7IZ2F2,+1
A12Y2YEYK7VZSW,+1
A80FGKFCA5SUL,+1
A2M7WZ0QF9O5A1,-1
A38JCPML09ZJBF,+1
A2BW6TGTN3WI6X,+1
AK7CAW3N1XZV6,+1
A1DGUU9G7YFS3T,+1
A1BR3F5XNWIMRP,+1
A283FOEYW5Q2NK,-1
A3CB3HZWUA79LS,+1
A38M9ODTWIODV,-1
A2HKKTXF31K3EO,+1
A1VMQAF4D5RTV5,+1
A1CN8DMXIH3WDR,+1
ATY5U6SNN1JCB,+1
A8VP6U6IE2GT6,+1
A2CK1FGN997YZ5,+1
A1L20MX19ZMNW5,+1
A18NBQ243KLT1O,+1
A35DWKG9MP67S2,+1
AWT5UP95WGJIQ,+1
A9QNCVYL8P4KU,+1
A1A9PD00UVHHVI,+1
A3QNQQKJTL76H0,+1
A3JLECMNWC4LDY,-1
A3DVZQAVE4NOZR,+1
AH6P5QSUQ89JC,+1
A2295J7IUFHKBJ,+1
APAZPK2PUQ14H,+1
A1JVD71PPW5HTM,+1
A1PCB6OXKWKLBL,+1
A11W2ZN3VGJOAR,+1
A2WA17DG7P1UU5,+1
A1OL7EP0ELWZXS,+1
A3ENN12GLNTUAF,+1
A1CVDDDNDZIUXF,+1
A14QF5DLFBPCF8,+1
A123MUWY43NVJ3,+1
#oc-R3HMF6ODAC2R4,+1
AUCN1M7NPIHX1,+1
A39K3CON02CFF2,+1
A1Q8QT6GOH6SEX,+1
A30QYHMGSDGI0J,+1
A1ZKYELIGGB3K9,-1
A36EANE2RDJQ8K,+1
A3347JHR2QMID5,+1
A3S88SC5W0MC5H,-1
A1K7OUOZGT6EG3,+1
A38PKDBSWYKHPJ,+1
A35MRD2W2M9V0Q,+1
AA8GZRG23ULG7,+1
A1JOANG98KBFKU,+1
A1KNF8V0TT4LW2,+1
A1ZZBAHWGTNMAD,+1
A2B0ZT6CQL0EM6,+1
A1GCJGSIFEZF2X,+1
ATFA4TVG4C8HU,+1
A31RUYXY50FDYG,+1
AATPGOYD5QJK1,-1
A74Z12LIJZEGS,+1
A3NDUBKYPI47N2,+1
A68K30RGRHF05,+1
A21L3P1DFZ3T8I,+1
AVZ1SYMD26S4R,+1
A2A0QX3Z3WTU8C,+1
A2SNDYGHDCJXLE,+1
A3C90IMAT0PH0T,+1
APCDN1JK6B81P,+1
A9GCVCVO0DLHL,+1
A1J5AQJ940OAPH,+1
AMX0PJKV4PPNJ,+1
AA30KAI4RI6AT,+1
A1MP1R79QTOKUW,+1
A1FN85PRKY2BX4,+1
A33XGXSC6K5VWQ,+1
A3U0OHLUOOJSC3,+1
A2RR0K877ELVG3,+1
AOYZ5HQ61TP2D,+1
A2OOQMIYF8XQST,+1
A14R9XMZVJ6INB,+1
A29SYPOZZ0VNRD,+1
ALBMZQVX4OK18,+1
A2PX2INC17AK2,+1
AMN5RKKFLU90Z,+1
AW06W3JZA0B11,+1
A2YDU3RZB63VXW,+1
A2245BFM3BFKA3,+1
A2O8QF1THCP46H,+1
ACZA62F9MWNCS,+1
A2L7M1TT7T843O,+1
A3RFCLYJJI46KT,+1
ALWUWI6PESIXU,+1
A325RWA8LHK2QJ,+1
A2QG4B0FCPOGW5,+1
A2TLLRAWHNFV9Y,+1
A3JT4RP8UEGL4N,+1
A348IT6M7H8A67,+1
A2K2EUL44GUFPJ,+1
A2YSA6RZMKD9LC,+1
A36CJ8DWTDIYRR,+1
A1JF5F9402BKBV,+1
A8M42EXA7NB5L,+1
A2W5K1J5D3AP,+1
A1BIKR7276I3RY,+1
A27E9UIO2CAOT1,+1
A1E7AIEUMWTQNQ,+1
A18NJ23KZ9LBOV,+1
A1U3SYIJ2RRBDG,+1
A3DKY21BKQSWX2,+1
A3U49XASTND0BK,+1
A21NX7DZP4PIQC,-1
A38AJKRTRCRASG,+1
A1BDMSJDPX5MDF,+1
A5O4BU663WWN4,+1
A155ZYAPRNPD69,+1
A2P1QES0PI4I3F,+1
A38VEGWQVBGXW9,+1
A3E7354539PAJU,+1
A1YYWOLUF6I4G1,+1
A1FZ07KUSFGJHZ,+1
A13SOXNMWXQVNU,+1
A2GOE7ITDGYVE,+1
A349T3U8Y2A6,+1
A1QH5ILVG45J6Y,+1
A3RRVZ3LV6W4OX,+1
A3DRCZFQNCC4LW,+1
A1A4MFC6VF9ZK9,+1
A3VKBFC5K2INR4,+1
A2D3QHRJ26AZ08,+1
AKY1HGHJYUQE8,+1
AQX68X3ZLUGEQ,+1
A1P3Z1ROTZSX4,+1
A3T9IWP077MAP2,+1
APQ50DQHSNYFR,+1
A9P9JJIXYV0XS,+1
A2Y8JZY1CD2TL4,+1
A8WKNCN7FUZ3U,+1
A17HTZ4S9NUZ93,+1
A3LH77PBDFEO3F,+1
A30VESJC65X8W3,+1
A1385FE19O0301,+1
A3QJQQZTKFV7BJ,+1
A72WXQQQINW3E,+1
A1WX42M589VAMQ,+1
A1XTXPACCRAJV9,+1
A3N4VTNFPMTHEF,+1
A1RCLICH0OO12,+1
AI3LZ4PY2FVK,+1
A1CPOJQATL4F1Q,+1
A3BZGLRF3SLIC1,+1
A1I2ZRRN2XVVCD,+1
A21T1TDO74WNTM,+1
A1K9I34SS9F2OS,+1
A31W8FU7NLL4ZF,+1
AC8NEZHM41IW2,+1
A3GQKB1KF0CRPE,+1
A2TEP2FMBLHN1N,+1
A2PSC7LUNIDEAH,-1
A2TS3ASYVLBGVR,+1
ABDQI3GI3UDTL,+1
A2AB39AEECUTEC,+1
A2XKJ1KX6XUHYP,+1
A39ANVSTOM4L6H,+1
A2BBSKYUOY02V0,+1
A3MFU0GVZUVH3K,+1
A2N8MS8WCFRJVQ,+1
AYOMAHLWRQHUG,+1
A2YIO225BTKVPU,+1
A1I34N9LFOSCX7,+1
A2LNGVYHQPGULM,+1
A12V63IUGJIH47,-1
AEPLIU5PTB47W,+1
AIREEMCAO3YSY,+1
ARXU7TM4XXI1D,+1
A17UR3NRLARXCH,+1
A2M9OWAU1VQ0VT,+1
A2D5ZYRQX2IMX5,+1
A35A5S6H1WROO6,+1
AF3BYMPWKWO8F,+1
A6FIAB28IS79,+1
AWBGHDHH7E51F,+1
A1QFM9CFEUXZK5,+1
A3JEO703YA9U2H,+1
A1QHEKVEXOR0AH,-1
A3DQWFWINN3V5A,+1
A1G2G1WHEW02TY,+1
A1BVE2ZIBKJ7YI,+1
A1RECBDKHVOJMW,+1
A1PJEAN52CCM9Y,+1
A21XTSJISJEDRU,+1
A4JSQFCKVKX2A,-1
A2PXLY4RJN3N4L,+1
A3ACCH1UM0OKVU,+1
ADZ1E2SYWSG99,+1
A2N0XGXKS9KTCK,+1
AF6JS5ITQ300A,+1
A2NAMA6YGQGPSM,+1
A3JOIU02PSJ4XI,+1
A1B2IZU1JLZA6,+1
A30WPXO5NXEREW,+1
A2SRB4GMY8I8X7,+1
ASIMCC20UVK58,+1
A3GSBZDE4Z7AGP,+1
AG8VYDW8FCDIR,+1
A1PI8VBCXXSGC7,+1
A3ADT55I2B26WG,+1
A14ZMTS3J55PRQ,+1
A3D9Q8V4FGLA82,+1
A3P3J6QFE7K230,+1
A3E68E8YZ6E6FP,+1
A3FYSIKTS8ODIG,+1
ASQ7OEET37OZQ,-1
A320QA9HJFUOZO,+1
A1PGIK7B7URO15,+1
A2MEE3BSR6USC2,+1
A2AGN90V9OIZB3,+1
A2R6RA8FRBS608,+1
AHKPZ11JT110F,+1
A2X3L31KCXBHCL,+1
AA5C0W51O2DIV,+1
A3MZNRSDQ32UUH,+1
A3EVQC1H6XTKWS,+1
A3RHNM8T5VNYAA,+1
A1J92I2HPUPAXT,+1
A2XMKG6KFSTB16,+1
A37RIRXE3WECZ,+1
A2NAZ6EX7YIA7N,+1
AU2DAD4WD5Z0C,+1
A2NAPBVCV7P4PM,+1
A15DF0V80C6M8T,+1
APZ7L50ZMS3EI,+1
A35SGYGJJJS4JZ,+1
AEC90GPFKLAAW,+1
A14LNO0XY4GMJB,-1
AQRJWDODWT0DJ,+1
AJP3WM478YGWB,+1
A38WAOQVVWOVEY,+1
ABLOQZIL42W7I,+1
A3L1IKXS8FMF1J,+1
A13R044K5G5TGG,+1
A2MGN5UJVWUYII,+1
A2NOZB6VZCTOI4,+1
A2QNGVSIHJ4LRX,+1
A1SN27V477FNSJ,+1
A1PUM736GQ441P,+1
A3JN96R8ZQ4X0P,+1
AFKU54VTOF81V,+1
A33IFA57ZYAA48,+1
APIK52JZ16938,-1
A1TR2KVICYLR2V,+1
A31ACB1YA6ABOX,+1
AUYT2H281GPNJ,+1
A1J75JJ0Q2OEJN,+1
A21NG6I8DONST8,+1
A2OI09LAVC6TO3,+1
AJKN1OQ368JGH,+1
A1F0HSH4QPP4XH,+1
A3M6RVUVZOQZLB,+1
A33YZNZIRA3H97,+1
A1ED81AG0VYT14,+1
A1R9ENDDUT7CM0,+1
A1WI1745ODFQBQ,+1
A2J0OLC480HANP,-1
A2NPZXSBKKC5JZ,+1
A27C44BIRQH3QW,+1
A3IHKGT1W8H1PI,+1
A1GF6NCSM4Y3C9,+1
AMDWL7KIPD5G2,+1
A2TP8VCDYHH3MT,+1
A3LM7UU3BRW5X9,+1
A2LYRRWF5UZ2WO,+1
A1Y2958GEGZB0G,+1
A17MURLSVTLNKN,-1
A1MDPS3Q4WMHK2,+1
A2YOSGV8YE3NJ8,-1
A238V1XTSK9NFE,+1
A13BOAPJ00I487,+1
A3D7MXGCU7HCYE,+1
A369IQZ3J2ZSI7,+1
A1CM4DWYQICO8I,-1
AX3M0765KGH6P,-1
A3NVAY16BI7DAO,+1
A2FV5YQV866PVF,+1
A1KF7Y8PRJEIO9,+1
A3NEEBS7GLCMIJ,+1
A29Q7KGT4I9LFS,+1
A378I9YIPLBM1G,+1
AMAW5TL27RI3E,+1
A17MRB5QEHV7ZX,+1
A3PQ5N9NNRCIKH,-1
A32GAHCZ43R7NP,+1
A2WS6FMF750EI9,+1
AI7RXVZ0KRS3I,-1
A3NTWDBZUS2ZQK,+1
A3HERBT8W31BRJ,+1
A2RN7QMGL8BP73,-1
A1GEMT7FSFKPDD,+1
A3QFX2DMBWLM66,+1
A3HRF2F1UAH7L4,+1
A3EBHHCZO6V2A4,+1
A13AESJTNAVD1C,+1
AY7PS9N341GHE,+1
AYWUHB7N8XGZQ,+1
A82F6BLMZYE3P,+1
A1TMXYXSLYQ6XH,+1
A2Q59LT13UUKJT,+1
A22PUBSSNP54L,+1
A2T90OFSZ5QVE8,+1
A1HGXLP6WATS4B,+1
A58N07M0ZCYMB,+1
A3BLNKGV0FQG3K,+1
A2V74GKASN2U2L,+1
A2GJ13F7WIYX2E,+1
ATGAKZ7VZBMUD,-1
AG7EF0SVBQOUX,+1
A1DIBF2T13FIRP,+1
A33AMRSCWG7E1E,+1
A1GKYALLGSSYHW,+1
A38A35R8VN5RWL,+1
A15DJHT9VECM95,+1
A3UHFQT4E3R2D3,+1
A34LILWGBUXLIJ,+1
A22CQ3Z0O0YIYW,+1
A1L331YOJ0OL4Q,+1
A1TDGLDUNPABKI,+1
A39FP3XLBS5WDA,+1
A3OAYBV9IQV33C,+1
A1ZH9LWMX5UCFJ,+1
A1PW5K0ECIPQAC,+1
A2JX1DGG9LF4K6,+1
A26T7V72SVDIJJ,+1
A1AB3XXA6BEIT4,+1
AWE1OX5KHTOAM,+1
AV97FVTK1KFXI,+1
A997MBOWKWGRJ,+1
A3FCL4APUQPOKF,-1
A1QB2Y8GSME58Y,+1
A1SN64QR5OUGTY,+1
A2BYMZ09DS2T0B,-1
AJNA11W35E98V,-1
A2KMY4RVMJ1EP6,+1
A2Y8IDC1FKGNJC,+1
A2VRYFRC3SNU2B,-1
AH5NKAG8839T8,+1
A1QWQC4BA1RXAH,+1
A2UCOPAEMGV3YP,+1
A2ASW6L6IEKU5L,+1
A2074YQOP57G8Q,-1
A33RYQI4LOARF1,+1
A2NTPZZ5FS19Q,-1
A3RFU2E6SX9PHG,+1
A2YB7DLC3FOR7W,+1
A11V85TH6QDXEH,+1
AG3Y5UIIX6IKU,+1
A106LXLCVW4Q3R,+1
A3V6Z4RCDGRC44,+1
A2RFJYQ08USWOG,+1
A1A65I19WWJT12,+1
A36MP37DITBU6F,+1
A2IMODYHS3EL2O,+1
A20X23WJLV4R5X,+1
A3MEMX0XF00TBD,+1
A35BVGH5X6Z4QH,+1
A3UJRNI8UR4871,+1
AQNLYAL5S0JXE,+1
A2AVYSXICESSTK,+1
ADAASOYZ1TOMW,+1
A13S52ARME92E7,+1
A2IPRZR0WITRUU,+1
A30WYAYMNV6949,+1
A2AKOKIF0S0R4Q,+1
AOVTW977JK338,+1
A1MV5ATV8WXXRO,-1
A5P0G326AZ58X,+1
A7YMD8MSOBO1I,+1
A1A6FO60YK0UEF,-1
A1GYEGLX3P2Y7P,+1
A3US2P9OJBOIQD,+1
A2DLMC7H3QPN2I,+1
A1HXWVK7RKR4D2,+1
A3DZ3P2OCK2Y6E,+1
A2DPIF50YL6BXC,+1
A2HKU4SOT0CWG9,-1
ABNRAEI4ND17T,+1
A128AAEK8YN0LE,+1
AO32YS0Y3DNEG,+1
A1QO6RG95FVIZ5,+1
A3C5YHTV72WYJY,+1
A1C4PZDQ84I9MA,+1
AXJ1QYBUL86ON,+1
AM8W6Y3HVXLZT,+1
A10RB6QTG5I80V,+1
A3E3YJO2V3YZUM,-1
A3759QIB6KMQZ2,+1
A2ZXTZFV5NOTHZ,+1
A2PHC1W7HA2NW2,+1
AO6735APC3YAJ,+1
A657G6UZGX5H1,+1
A3TS0VFS4WSE7Z,+1
A2KQT4D0OZR569,+1
A1GVGQGWK8HI03,+1
A3TR1OAI4BZDZJ,+1
A1DRVNY1LSND6J,+1
A31B4C4LMC5MMX,+1
A39Z52KPAO8YR7,-1
A6WME11TGFMEW,+1
A14ENWEKTHCBXR,+1
A1K59FQ0C1SDBM,+1
ALL7VBW9BKLTN,+1
A1115ST6F5CWYP,+1
A3M5O6UHXO9IBU,-1
A1S7ZJ88ZKUPUY,+1
A1LOZM3QVMQYFI,+1
ACU2ERD5Z5PE4,+1
AXV5CT7AG4SYO,+1
AFUM9UDF7IN6I,+1
A1KZ8KEBD4FONY,+1
A3AJDID6Q2M7HZ,+1
A1U8VI6I2MFEU8,+1
A1NZ0E5CLJ5141,+1
A37GFKV81AL1VF,+1
A23RZIU0N8K2KR,+1
A1PR7UDVQ8QSFF,+1
A4TGFU3KSNSN1,+1
A2WNN1DQVL4LH5,-1
A7Y17YMF0AUVK,+1
AMK95FEZP7HO4,+1
A1WXO06S5WQUTS,+1
A1L3CV746WEEFY,+1
A235ZASPKBRZNG,+1
A1O0KPH1RH04WB,+1
A2B9PC1MG8IVFE,+1
A1PAGHECG401K1,+1
A39V22BIBUMMB3,+1
A3QX06FASM6U5,+1
A2IYLMDQGBB4VG,+1
A3OXHLG6DIBRW8,+1
A2TRWV1MSEEBUO,+1
AGTBEWGF0VHHA,+1
ARXU3FESTWMJJ,+1
A1PBNQNVVDECNW,+1
AQ73BMYWH1EM8,+1
A2YK2OKGDJOKF2,+1
A2UVNVMHBH4LQ7,+1
A2U0VD3H1K0926,+1
A2PNOU7NXB1JE4,+1
A1B4MIXYVIKMU2,+1
A2RMLR3PXZG2G9,+1
A1DFKPWO9HVT1M,+1
A14ELYDYX7LOFQ,+1
A1WQ0EP71CG86X,+1
A9PKYI8B9V9VB,+1
A2JBDB9XE2A3GS,+1
A26E561S8NAVKL,+1
APX38OL5RONWA,+1
A8PZHR49KMCRP,+1
A2DPYMNI2HCIOI,+1
A1KP6QQUWBH867,+1
A26AS80LD679WX,+1
A2ZE06ZI0MF71C,+1
A1JDKNDE73FLV2,+1
A1T2WKMLGSO507,-1
A30F5RIFPUILT7,+1
AISZOSCBDJOCP,+1
A1ZKFQLHFZAEH9,-1
AI0BCEWRE04G0,+1
A2ZLKFEFBFG6CT,+1
A23GFTVIETX7DS,+1
A1EWX4CMJ7D7KX,+1
AF0SQAE3XWU8B,+1
A1D7SKBDFLSKFX,+1
A35V32HZEGZH04,+1
A17JVVAKWEB0M,+1
A377DJQY7K688F,+1
A1BKX9MC3YAKF8,+1
A2YEZ8Z3BW2SKG,+1
A2CONC3LYTQAEU,+1
A12BWPJGMPOO3Y,-1
A3BBC8E7QT7N9I,+1
A148B6JDGBZE66,+1
AIUQ25LZLYSJR,+1
A25EE3X3GQ6M7L,+1
A3PJ0TNZOJ2MCI,+1
A23V7QUI3SFJTV,+1
A13S959ZBAOU53,+1
A1XKQX71GJASJR,+1
A3RTF5NE40KLUA,-1
AJQDIT55SZ3ZX,+1
A2PUZT24SWP7JB,+1
AFKALC34URYEY,+1
A19SDJ2TSSL8HI,+1
A3NTV9VHMBY1KH,+1
A2RK3LRI7VKKCF,+1
A2NTSH6GHYAS49,+1
A1A3VXAK3HR6U6,+1
A3KZCNV1N8R9GC,+1
A2MWDJVGV0KATO,+1
A1KKA5DHVROB7I,+1
AUF2WEJPK910V,-1
A3BO53PLZP6JHR,-1
A29UDHP1O4ACV6,-1
A1E7PX99QBET2V,+1
A1Y82GMMVWQHIZ,+1
ASWQHCBXTTMKR,+1
A1RUS8VOWCIC28,-1
A3DGRDI709BJ4C,+1
A13FB7U0KAPE5G,+1
A3HM6NU94LDALK,+1
AE9ZPX6BDW803,+1
A1EVH75X40MMFD,+1
AZ515FFZ7I2P7,+1
A10YPHHHEWW6R0,+1
A2EPIQSV4NUSFI,+1
A3H6PPWWDIC8KX,+1
A3VX9G8YEOD2XO,+1
AT6D3Q62XXXSB,+1
A1S6NTXQN2VB49,+1
A3O754Z8KZDYRF,+1
A2F0PCVFFG3PQZ,+1
A1W92PKR9AFLQW,+1
A3ESX47BVF60LX,+1
A25JMYLCBYKEKL,+1
A1QWO0D7H7PNZ8,+1
A35PBTOYQKRI0P,-1
A2AHF0C1VWCQVM,+1
A2CMHIZUH6ZMQT,+1
A39ILC0QR4E09L,+1
A3LY5F58098WPR,+1
A1JHW6YMGLJQLC,+1
A3RRK87S2Q33AC,+1
A2DH3QCVOS8XCY,+1
A2EP2LABE0UQTY,+1
A1H4R7TY2G50DH,+1
A1YPRLAFZLSAS0,+1
A23N8PT6V89SL7,+1
A1E60FB859D8I0,+1
A2EYQXB9N8ZWRW,+1
A2MIHIBW4H1Y6Z,+1
A3QX5N8RRZVJ80,+1
A1IT2GZS6N1Q4J,+1
ADMWYMH11LD27,+1
A10PEXB6XAQ5XF,+1
A1AND5XBFJ7L76,+1
A10VQ6Y9E4W4Z5,+1
AN8CSYVMUA1HF,+1
A2ZE5ICI6LWAZ0,+1
A17TI3YHQNX46O,-1
A1JEY42M785KI7,+1
A93LBTV617ZVC,+1
A1B6SIX2I161O9,+1
AEQOHG2V96PYI,+1
A2HFSOXH3B2DJ4,+1
A1NK2SF59YKURD,+1
A1P9H78GR6GN6H,+1
A35JP8KSV9281K,+1
A145IN9FBZNSL,-1
A1H7CKOA2DQJU0,+1
A2GDBBZMMBX1L,-1
A2N56Z6B6HV1O2,+1
A3JUM0WSKPN0NT,-1
A1ALLZ2C7QK09J,+1
A2UJ1ER66OL2YL,+1
A3B1ZPY5AF61T1,+1
A1QQMZNOXGQFPJ,+1
ASHE15M0G2YJD,+1
AACKAWVXFJ2WT,-1
AUVV698SFLCC8,+1
A2COWD06RSO159,+1
A3BFNBSNJ9THJZ,-1
A1KEK09ZA6J9P8,+1
A6ZY59M7WOAS0,-1
A1DBC47OWOILTQ,+1
A16IWM0NZWOP6X,+1
AYEUJD35CBU7D,+1
A35CSDXCHC44SY,+1
A2PWNYM29NJ2J4,+1
A2BPFPVOWCTKDJ,+1
ARYSDAZNRXN6G,+1
A2O8XS3QNT0QN4,+1
A2IYD1ZFWQISTY,+1
AB2ZLG187MTVZ,+1
A1YDL2RLXTE1LB,+1
A2D7PWKNB7A85O,+1
AJLIPG8K8O294,+1
ACXCS6NRA4EVU,+1
A2E67UDGXGL71V,+1
A1F1A0QQP2XVH5,+1
A2PFPT5QO28E1Y,+1
AZXKAH2DE6C8A,+1
A25W56ML0PB3SM,-1
A3IUW081KXD3PE,+1
A4Z86MPHGG0A7,+1
A28Q9FYX8JISN9,-1
A1RG4WKNMPYS4X,+1
AF11JACGL9RF4,+1
A3BFDEBT5IV4UN,+1
A14R86XDLX34EK,+1
A169G2DYSGDBEL,+1
A1DW04TEDV8BXQ,+1
A3VGDSF0L36D35,+1
AC64J76R8B1M9,+1
A1VO7J0P1W3QRI,+1
AE1EJCOW4WD9N,+1
A18XOBH52BUBJ1,+1
ACEA95FQS1AVP,+1
A221I9R7I92ORO,+1
A2JWLGQZRIR4MB,+1
A2L6BT1PVV9YN0,+1
A1SFKK0DIH2JKQ,+1
A1WV25LU9QKGDZ,+1
A9GIGJUB98JNR,+1
AIOPIWA4Q6GAJ,+1
A14GCXL7HPG57K,+1
AR6NE1L8XFF91,+1
A2MOWQXE6YLA7C,+1
A33V97QLCA3EZA,+1
A101HSNF12PR4Y,-1
A1GALZCXD8FHOR,+1
A2N11YPX95JSST,+1
A3BVN2QBNPBHCR,+1
AYA7OY6DKYAM6,+1
A26NFIQ7KWI8Y7,+1
A1ISS4F3IRVTS0,+1
A23W8MR1H3UHOZ,+1
AOXT1R95GXUKS,-1
A1U8FSIM58TXFN,+1
A366K8ZPVIM9OW,+1
A2OCINUVTZWBW,+1
A1HLYNGUBXXW9S,+1
A10G4BPT5MGBHY,+1
AESIEYHYDIG4A,-1
A281NPSIMI1C2R,+1
A2776XCRM5VYZY,+1
ADLVFFE4VBT8,+1
A3CAYGHAY1ELWX,+1
A30IP3E4MDQ36,+1
A1UDC6QRUN4BOK,+1
A28X7NZ02016FO,+1
A3N8RB943DMSH7,+1
A3AHDR4F2J7YXX,+1
AFNCXMCX7VZWH,+1
A2UCZAWAN5QMJQ,+1
A3N4CANP6C186O,+1
A3KWRPM3DWXNXW,+1
A2E3WMF9RWW2X2,+1
A9PC5HJNGD22D,+1
A3E9OJWHMXMYYF,+1
A3FFBY7ISC4LHR,+1
A357B3PUHSVQA,+1
APLT0JCHBTZEQ,+1
A1GBZCL326K4GN,+1
A360DPC534SN3C,+1
A2N3BRPS0NS7FF,+1
A3SGHTUG8I8YK2,+1
A3PZ4AXTY9J1DZ,+1
A3AAZCSMJHVGF1,+1
A376QKBKST79QE,+1
A1N7BFJSBP75A8,+1
A177HAXSCPLY7C,+1
A1NCHUP6GQOHFT,+1
A1G9J1LJ6K5501,+1
A2V4XUYMIMMT3S,+1
A13NSUJ2BDIFAC,+1
ACNGAQSYIWO3W,+1
A2SS44O400KIZ7,+1
A21998ZN294K2Q,+1
A33HGS0F6NVBRA,+1
A257TD5GO1T81W,+1
A3UPYGJKZ0XTU4,+1
AWKZAUC0D8DYL,+1
A1BBAJVMUMR46S,+1
A2AF0NOCM71J0B,+1
A30KNLUAYQ73F2,+1
AMM8G478DBDYH,-1
A27J8YLWXBDEG2,+1
A2WHV0YLBOK0I0,+1
A1Z3XWG2W5GOHP,+1
A2M9PIPERKGC8R,+1
A3UX6QZBMHQMBD,+1
A36VNMYPXBSTQ3,+1
A3I3FYY5N3777A,+1
A12ZACETZQRA2J,+1
A2KUUWP4ZZMOBP,+1
AIWK0RD1DWYYK,-1
A1P27BGF8NAI29,+1
A9JVGTV7XMM64,+1
A3GZVOSS2BYK5E,+1
A2JD7P05XP1ISX,+1
A2FHKY2I3EQHPK,+1
A2158Y2U61AU9G,+1
A71Z81T2D96P3,+1
A2L4FXJZISAL4T,+1
A3GF6WXRV7YKQ7,+1
A3NGKY50YIK8VQ,+1
AVUR4EQOXEV10,+1
AB094YABX21WQ,+1
A14EK7CK43XIIE,+1
A3N652JFUS0GGJ,+1
A3FIZI590M0UFO,-1
A3R1D7H3PIFONU,+1
A29VCB1YHD5IEL,+1
A3M32YMWKA2GP0,+1
AW6J9IILGOZY3,+1
A37MBQ4ZMVJ8YZ,+1
A9TFKOQ57V1QB,+1
A1IU7S4HCK1XK0,+1
A39LPOSC0LDZWE,+1
A37DUY2LW9LKKW,+1
A33ZFPZ772MTO1,+1
A2LK3Y6Z0T2QHJ,+1
A1NSZ5JUXSJZ8C,-1
A3QG0SFKRTBLAQ,+1
A382WLIS5W6QFD,+1
A2WVF9ZQ068DN0,+1
AEA2PXYT7WYB4,+1
A2ZXT6MSWISDXT,+1
A1J93EGDYK0IWA,+1
A3VGPIDQFDVLG4,+1
A1S9S9Q9QZK8Q8,+1
A5A3C6XVDYUND,+1
AL4EMTKHSD91T,+1
A3EEDHNHI4WNSH,+1
A2HHOVAKYWQDWK,+1
A1DI7KMBSK5MTU,+1
A2XAKGRUHIE2ZA,+1
A36MS27KAA5S26,+1
AX04H2SPKO02S,+1
A2BZ8I6N6NNGAC,+1
A7G9M0IE7LABX,+1
A6E9IIKU5KPUY,+1
A1IX0NC997O0NS,+1
A2X11CHNOPES2V,-1
A26A64X86VL1R4,+1
A70DYJ0YR91FH,+1
A1TIVD0Y3KJSCN,+1
AQRODCIYD7PYX,+1
A35Q0RBM3YNQNF,+1
A6VPK7X53QNAQ,+1
AC7HVVJVLORTQ,+1
AP2NX17IS4661,+1
AMZCZBK1EF1PV,+1
A3W2EBDIPY8OYE,+1
A2APHQA8UQTV0,-1
A3IWARBYLJFDHD,+1
A31W55J90T8NFF,+1
A31AS7L29JTV6H,+1
A120JZI582VFIU,+1
A2XRRDO1V4AMEP,+1
A18FVZWJ4RBGNH,+1
A353U0L2HAMSHV,+1
AUPDQSP0GMZ9A,+1
A1AKPZULRAG5PL,+1
A3T8RQO7MS1OI0,+1
A2I5QSVHKLF5XN,+1
AGS7K2HZEVTHG,+1
A2JQ3SEXKF86TF,+1
A3RLS30LZ10PK9,+1
A25XLF8H62HK0P,+1
A2YX6NB9U1PX16,+1
A1B05INWIDZ74O,+1
ANJSMWN361NSG,+1
ATLZNVLYKP9AZ,+1
A26ZK8QFWXN859,+1
A2UVPDFQEB8Z9R,+1
A21INUA35HX4XQ,+1
A3CPU6NZNKB5JA,+1
A3FG0C4PZQGQAK,+1
A3VZITD02OQCC4,+1
AR3ZPBPBAHSUU,+1
A1Y39T2CT36YL0,+1
A1D0IFZY85PFU,+1
ADYKCUDP2RUUA,+1
AF51KJB3W1YI6,+1
A11VH8PJ2MEHFV,+1
A3DWO2POFW0JDN,+1
A3CHMZH97MKWKX,+1
A16WJEVYQPKAP7,+1
A1U029L23OT5KY,+1
AO8F2P769YIA9,+1
A11ED8O95W2103,+1
A250AXLRBVYKB4,+1
A32R0HBCV9FCJM,+1
A25PM9JGHPU8EI,+1
A2D1OUM1P2SK4M,+1
AHBQWBLSBKH6H,+1
A33DKGANHQJSXC,+1
A2EG5ZEK4S4E7F,+1
A2RFDK0V0RR7HF,-1
A7EK88GF8N40F,+1
API663PFYRQCP,+1
A2P6RU7P6O1NW9,+1
A2ESI8PZ7N4ZBR,+1
A2OWR5G2OAQF7C,+1
A20AZ60KW8ECZM,+1
A1G44WBRK9UNI4,+1
A1QIXPV1XB7GL4,+1
A1ENOAVZGXYIN8,+1
ANWBTNWFJC4FF,+1
A2RN5EQC3F75PJ,+1
AR7TAEEUDHMUB,+1
A3RD5YZ4LQ9T09,+1
ANEKPEHODQW3R,+1
A3LKELHZ584JHG,+1
A2WYP6MZRK4G4A,+1
A34A2SK45Q1UAO,+1
A2Q2A6JKY95RTP,+1
AW1S0LGZ7QEJU,-1
A2RLOCANTPCCU2,+1
AP3UNMQ4PQ87Y,+1
A2HZHNQHJOFQBW,+1
A3S76TKGIJ8031,-1
A1PG8FDKPVHXE,+1
A3W37DL6P9WZHC,+1
A2HCE1UR9PSLWI,+1
AAFRCVB8XENT1,+1
A3UKAN3SJYZCQ3,-1
A2ARL5R5P6EL7D,+1
A16MB0H009K4L9,-1
AZ2NZWEEPJ1JZ,+1
AQ52JX9ES6XYY,+1
AXAJXJZUL2J5P,+1
A2CE9CFMYZC084,+1
A1KKE6VX8VPWZK,+1
A28QTVEFQX6Y9X,+1
AJ3SORTLLTWNJ,+1
A2D1LPEUCTNT8X,+1
A3T71OQ9DK76WG,+1
A3I04CV7GN9VJW,-1
A2CN1P6JJ7J3JH,+1
A2FE2YG8W9G8UW,+1
A3M8R4JD1SIS76,+1
A3MIMSBVMYPU05,+1
A14TUWXDA5WQ7W,+1
A3AVJCB1ZD6ZY5,+1
A36W2QCMYHOJNP,+1
A1E7G56OX03JKO,+1
A1GORGFZSLFZRH,+1
AZRJH4JFB59VC,+1
AC5HDVL4R1HPT,+1
A22BPC7LRSGSYQ,+1
AB3XJK543W027,-1
AU71C61OLQPG,+1
A2RD4IE6IWNJ58,-1
A3260JI5EH8K9K,+1
A3RYMO6S22FMM5,+1
AXZ6BVZ43BVKO,+1
A1ZNKMH8ODI46E,+1
A3DZ56XGE3ESRM,+1
A1VUN4JU731CBH,+1
A3BLEFSUUIM3HD,+1
A4PI4DZJSVF6Q,+1
A25C2M3QF9G7OQ,+1
A1CRIAKXPSIGJN,+1
AWLK6NSSV0YNA,+1
A2MSQNPTNAAGL1,+1
A3HPZ6BIMNXSZR,+1
A1YR1PZNFVRFZG,+1
A36U7NO5WC37HO,+1
A1Q6LLF1BDIP98,+1
A1A763Q8427ZGY,+1
AMN1A6XXVLNK2,+1
ATGD5QNAD6FAN,+1
A7XYLJ9XFDTT9,-1
A2E5C8TTAED4CQ,+1
A17T4A75ZKJVK3,+1
A31YSTICHFYN7O,+1
A3Q9WIQGXQOP8U,+1
A3M3ETMKTOK62E,-1
A2L01339XV496V,+1
A3DA0BTIGT3WG5,+1
A28RLTVE9YJBPW,+1
A3CTQNPZO7ZBLP,+1
AIO89G136TOX5,+1
A3TQV2O8FH6FZT,+1
ASVV098DW36KR,+1
AD63V1AC9DO43,-1
A1A0MBT5LKK8U9,+1
AZV26LP92E6WU,+1
A2KS3MVX1PVEHP,+1
A1Q6NPDQ4OEKBX,+1
A4JYAW6LTDZ4Q,-1
AQXJM6TILVEDY,+1
A13QM0HT6VXHL5,+1
A2I07IKWUM2UFF,+1
A3A50F3ZWJ6V68,+1
A276CP93GBVM9L,+1
A2AUCC67RHKO50,+1
A2P8NDUXS2ZHLT,+1
AWM5B3D43RYM0,+1
A370EX6FWFL8NE,+1
A1C2GFOPBDFM8L,+1
A1J5HIF41ENSMZ,+1
A3S71WW0FEU9DR,+1
A1KPALLWZ73M27,+1
A2VUD4SPJO4V33,+1
A3MVSYT5R5CHV5,+1
AF9J0OKO8HAQ0,+1
A2P1O2B865EBI3,+1
AYGJ96W5KQMUJ,+1
A3QFVEQNX2FQ8P,+1
A10WADJPSC3KG3,+1
A3PI8JJ2E4VT5E,+1
A39NRLN369P8NP,+1
A17HFMUBV1AOGJ,+1
A1OQYQ5YUZP65F,-1
A1OP7O7OLH0AKM,+1
A1KK66VC8S9OMP,+1
AC9JAT85740ME,+1
A19ZGQMTNYO00,+1
A2YSX6B2BHR5NF,+1
A13WTW1IQFI0GF,+1
A38EYY60YKDOLE,+1
A2OBDNQ5ZYU1L8,+1
A29M9GR4I6QKJ,+1
A1KT19TDP9VE63,+1
A2DI7UGT3YX4Q9,+1
A32EOHLFZYXJEP,+1
A2WJY89JH9MVI9,+1
A2UMT46JHONOU3,+1
A2D86JTG0BW9US,+1
AJCK6OKNWGIYG,+1
A5MXNEKQSVHEG,+1
A2FRFAQCWZJT3Q,+1
A3FKPBNI7UWQFW,+1
A23JS83P6DI6OE,+1
A33ZYFE8XMKKR1,+1
A2FIE8XAG5IJ4L,+1
A23LDHA1Z0BR7R,+1
A1EL9U1B1PJYF5,+1
A3K866GG5P9OBE,+1
A1LOOP91R07H7T,-1
A2KP45DO3RY4RG,+1
A3LV10XVH0NFBA,+1
A3525L1EANL3TQ,+1
A3AVMSIDJV3LWD,+1
AZPOFLFAWXON,+1
A288V3U2VACS1W,+1
A6IPFHDZ6L6QA,+1
AJL7IRFHBPVTB,+1
A1JTAI1CD99Z9X,+1
A2VSEH1IXLUBLB,+1
A10SORC6LLRCTF,-1
A3PO3YRFX4BI2J,+1
A2R8CKV5ENL7MX,-1
A3Z1AUA74DP1N,+1
A3ARC3UIY3Z1KQ,-1
AY12DBB0U420B,+1
A1EKWJP8KRFYOU,+1
A1YJMG0QJXZLD4,+1
A4Y25WA2GSO2H,+1
A2GITA2HBW90VP,+1
A3KLC58UPARUHW,-1
A1J5R1BRQI15TG,+1
ACE4VDFLELKZN,+1
A3C4CUC139ELX7,+1
A1W9BEDOALOB13,+1
AF72GTWZGAC61,+1
ANI0YT3A6K2M3,+1
A1ZK5P0EOE727F,-1
A2RNRJVIS41K44,-1
A1M9E1VO2KQM8U,+1
AMSOE225G0OG6,+1
A3KTTW7UVZ8WIA,+1
A2O421DTA8J0RW,+1
A2HJCM2R7DSN8B,+1
A2USQQRRGS81TS,+1
A2QTSZOFJDM8I7,+1
A1DIFL0333QPEB,+1
A6SB8A3A2NWWE,-1
A13FEDZA2FZLCC,+1
AGJRZA4GW3E1H,+1
A1K5BXQZFQ2BH5,+1
A24YC7UQIJSB2A,+1
A74SHV5ZD3RLT,+1
A3JZNCC3VX1AAC,+1
A1YA0OH6NULV2C,+1
A1Z4PPP3SZ50C8,+1
A175N19FS2B4J,+1
A3D7PRFA3U2KE5,+1
A9GQR7CMQERSS,+1
A2HVVSS1M8R31N,-1
A1UQBFCERIP7VJ,+1
A1Y5YNG8ES5IJA,+1
A2LIPLT5LJTN5B,+1
A27L4C6U6CE778,+1
A13MHE5GVBMAO6,+1
AB7RCOOIQH8NS,+1
A3D0J18LY62I06,+1
A2XN14YWLGTW35,+1
A2BZE7NAWXR0E7,+1
A2Y8YFXEZWW34Y,+1
AKK49Y5DWSEND,+1
A2SN1C0KVT7K4K,+1
A3T1LD0C65QCWK,+1
ASHECNE9V21NC,+1
AJIIIB8Z5B6ZD,-1
A1IBKN1GXYJ3K4,+1
A2BMFOZSEXR9OT,+1
AHW33LYPMQ8DB,+1
A3KT85K6QPMGSV,+1
A2P0JC3HKUETS3,-1
A1LWY6JPM3EEGT,+1
A2PR6NXG0PA3KY,+1
A26LHX89KA88DG,+1
A30YYT2POFVI8H,+1
A2YSFKX18XTHED,+1
A106ZCP7RSXMRU,+1
A2D5DVBEYMM6ZP,+1
AMQGC8AE0H5FN,+1
A1QSS9BLNW3RQ4,+1
A20JDDCXOB7LOA,+1
A1NFVOE5CHONU0,+1
A29WI9X3OVZ6OT,+1
A4UP3MT4NWCSS,+1
A7GXT5V1VL5UT,+1
A1E7FNP7WZKPA3,+1
A13Q406RQU44OP,-1
A23RL7GUDG5G41,+1
A1H98XOZZDAAGL,+1
AC57ZRGZMHNR8,+1
A30W8CONAM9JI,+1
A35W3JQYP0M655,+1
A1OAE2FSDZAXTL,+1
A2II09GQGWOMTQ,+1
AYB4ELCS5AM8P,+1
A18SNZN6Z16NCV,+1
A88WK54WGJ15T,+1
A2WW57XX2UVLM6,+1
A3MQ672FYFNM7B,+1
A2T9LO1LA6VC4W,+1
A1ELW55VCZ1BVB,+1
A1JUGIQDY6UYSM,+1
A13BBPU9UBQXDR,+1
A1S52XH2CS4Y26,+1
A26Y776G7VVBCQ,+1
AX9QZGAJOZ96O,+1
AEIYDQ5P7FHGY,+1
A2K4ZBXN90KTKJ,+1
AUITG1DJ3QUGK,+1
A17HMM1M7T9PJ1,+1
A360EFJOE4L7IZ,+1
AVQ6NL84RH3WS,+1
A3GGDMT5GB2BCT,+1
AWNEZ0XD0AA7R,+1
A1PB7BE6G5B8JK,+1
A1US7D4TJ492TO,+1
A10JNPPBHIKP34,-1
A2N96A168YW2C3,+1
ANMA1H8LGEVBF,+1
A1VK8A8KJDHHLY,+1
AUTBHG6070SL4,+1
A1AL1QDY1TTZ3I,+1
A3W3Y1XEAMH3E5,+1
A30L4Y3Y16ZA73,+1
A2R58AAJK9347Q,-1
AFKP2U4TJJE0R,-1
AGGDI4VWPPZ6J,-1
A1BWPKMS736AHP,+1
A1DHKKNNW6H783,+1
A1X93ES4DITTWK,+1
A9RTRKZM3IEOY,+1
AFHIOZC7DNAI,+1
A1W8IGU2BRLUB5,+1
A11V1NUWQTX5KG,+1
A2NTOF08VRE1N7,+1
A1DZUOV5K6DNOE,+1
AZU4M5K1N2LAB,+1
A2EHYCA29NSQLU,+1
AZOX2SIK3DV6N,+1
A3JXBZ8F65100O,+1
A2240J73FTPR21,+1
AMY0GEV1L69BV,+1
A294XIDCE087BB,+1
ARAR3323ICNLF,+1
A21D8LH2CD2EIZ,-1
A2ESJXC3CL14WC,+1
A2Q0WZEYMNHMUU,+1
AR8ETZLTDVJ8P,+1
A3L5QAAH3J5AKY,-1
A2W3KOTHFGVNMT,-1
A3EFSLEMHNPP6A,+1
#oc-R2CIG5JYXHVPEE,+1
A1XGFW5016CGQI,+1
A1YCTGX6A6TPTB,+1
AMP7TQRWAIE84,-1
A2X2WTEVCZ5L8N,+1
A305V2I73XDWVI,+1
A2F81CEQZ4V1Q4,+1
A1V87K5ACKN3WJ,+1
A10PV6AP8SXEDI,+1
A3F870TB5FED6X,+1
A3AZMR12ZWD692,+1
A2COX292DY99BE,+1
A3930X480VRR8D,+1
A90R5PR3BF7JW,+1
A2GS8KE8XNPU01,+1
AI6X086NYC9N2,+1
A1VI3X4BG4PMQC,+1
A3QLGEQU6MS8D7,+1
A31F6ZR6D33BAN,+1
AJD41FBJD9010,+1
AR2WGD3T07EXR,+1
A1VY0DT9IKMX54,+1
A272QDQPLZNNVV,+1
AFUUB7EOXJ42I,+1
A3IR834T7AROBT,+1
A170EOCWWXBLF5,+1
AOINAOO0NQRGN,+1
A1P2FJK2MOJ8IN,+1
A1ZMF11YKBEE2T,+1
A3OT1RIV0CRKDQ,+1
A2TF33I76SF0ZK,+1
A2CWWT2JDUBOPL,+1
A7XOGL5A54TX0,+1
A3BD5B8Y8MY25X,+1
A3TGJGHCBESXFA,+1
A3OJ5D1THAJKYY,-1
A3LIF253SVDRMW,+1
A22S7D0LP8GRDH,+1
A3DGKUS8F7E9U3,+1
A3UCN2RGY7O6S1,+1
A28L0ZAAPBFCNQ,+1
A1JADFWTTDPITL,+1
A3NMIRV5FDCMCQ,+1
A3KYAZOEC3HYCW,+1
A36R3I1E6172XG,-1
A2LUMWYGAOS4ZR,-1
A3D6KZT0QG6UKB,-1
A2KIVODZRTGY4U,+1
A2GDBQDUTOHDZ8,-1
A2M1CQ98CIXY7L,+1
A39V58FWGFF7X8,+1
A3VEDVQGMBZ0HM,+1
AS19P0HN94DC8,+1
A2UDYS4SVS4AEI,+1
ABXSD4BQPXYZ7,+1
A3OI5EP7O0FFGN,+1
A7VM84CT5LK7C,+1
A1EUHMS0VCAX31,+1
A3J5FVO3TJL6VZ,+1
AYL9YUOBCDG5I,+1
A11OTLEDSW8ZXD,+1
A1PBO90FMY86D6,+1
A3L9L92C05PXA6,+1
ALNFHVS3SC4FV,+1
A1GV4HEM6XZC06,+1
A3UVLU7VDZNFEJ,+1
ALKJNMVW3NZFY,+1
A3DWGIDZUA8PE7,+1
A10H24TDLK2VDP,+1
A1CF1EH4GG3R7P,+1
A18D5OVOLCJG17,-1
A2KQN0OAJJ1AZL,+1
A5A6V9TKED7Q9,+1
A409DXV0CIVRP,+1
A11PMACA63EH72,+1
A23I5KTWELW9XN,+1
A2PDPKUHFXG3FE,+1
AF42HX1CY5TTA,+1
A2YO8731SKDKLL,+1
A3SBF7WGVTMD2F,+1
A4V3R95M69Z1B,+1
A233ZW9QRXKCT4,+1
A36GEDLB5A5MJ,+1
AO3U2GEI4NSGM,+1
AJ4N1F0LLV4F3,+1
A2VC8GVTTU60YO,+1
A3DOPDVABCYOBF,+1
A1WM1CF74CQAMD,+1
A2SLX6UHHYCMCV,+1
A3QC4TGOGUL1M5,+1
A20OQMLRFNZADL,+1
A39I6D8FJU0C4R,+1
A3MJH3PO94E6GW,+1
A2WSBVNJNJFXDW,+1
ATXHMAP3ED09F,-1
A8DR6JIHBM6K5,+1
A70TR5LKVN0OI,+1
A241A7W4WQXEDX,+1
A2PZYE86MWEXB6,-1
A1IMAK5D9XJJO8,+1
A2IB37ILZAEBDV,+1
A1MFG9E45RX5OW,+1
A2IUBJJBH9PF9R,+1
A2NVPRHU3VF05G,+1
A2QGT6QB2YVGMT,+1
A2R9FBLLQRSRLX,-1
A1ODKP5Y7DPMM1,+1
A1DN8OM1DDSFUC,+1
A3HBRT8DQTUBHP,+1
A1WBZVB0BQMMJB,+1
A318TWMKSNF2P1,+1
A1W8WQMBRK8J4U,+1
A1G60ANYI0HMEU,+1
A39NB225G8LYPY,+1
A2HN943685953U,+1
ARXDKTGDQ9SDL,+1
A2V2H26LPRZTU1,+1
A33REC3J2JU2EL,+1
A2FFOEFUUQ0NTW,+1
A1VE1GGV2HDPG8,+1
A2OL5WLCNZVD9K,+1
A3CG93783LP0FO,+1
A2YXF8J8PT41ST,+1
A32D3SIQGJX2SV,+1
A32WS1SQTDYYO,+1
A3TVJ0KLN97OHU,+1
A17R1ETU3HI9TJ,-1
AXAWMQU30EARI,+1
AFWQ2N23IJAA2,+1
ANEDXRFDZDL18,+1
A1OUVRO9SUM3DK,+1
A26LO3KVCC5ZGQ,+1
A2C5Z6F97S4X82,+1
A2SIAII5UIJMPE,+1
A3FBC2AVXDY57T,+1
A2S2RFBCSQBL4W,+1
A1K31E7YNVQRIT,+1
A2790K9EKR648Q,+1
A1BHO1VYDTTX1,+1
AW6AFZZH66H5A,+1
A1VBG5L6U6YTGY,+1
A2FJEDSS97U6FQ,+1
A1B226ZPOE0KSZ,+1
A3KPT4FF3J91W4,+1
AGICQ6RU5LFDB,+1
A3N5SKXEA0NN57,-1
A21VGNU5959O85,+1
A30Z3BVRNUM3NW,+1
A24KH2LLYGFSTP,+1
ABTJL6RM42YEI,+1
A1QPTA9DJD8OIU,+1
ABK2RVDJPL8MF,+1
A2FO8KY6GGUZ3P,+1
A3CVXR5H2PCWW1,+1
A3F3B1JPACN215,+1
AJBLHKK8S25HQ,-1
A11VK79G41FSU6,+1
A2U84A32KQTVL2,+1
A23Z9F21VMHLN6,+1
A17V9XL4CWTQ6G,+1
A2K4Q4I8MPUMQU,+1
A1GCNWD2PA81ED,-1
A1VQBEW0G4IH1J,+1
AF7N69P6NYZB0,+1
A3D0HMC6RQT0N0,+1
A4O09N7ZP26RD,+1
A15NIZLKNOXNZG,+1
A3OGSHIDBLCU3G,+1
A3T3S48UAVTUE9,+1
AA9DOZJQJ7393,-1
A2T9XXFGPEYNSY,+1
A1UAZ6MNSZKB7G,+1
A1LSZETYVUCIOW,+1
ASJFXH2AMXARJ,+1
AK0CENM3LUM28,+1
A1ETW6FN6BJ1PH,+1
A33IZTCQMITB0X,+1
A3EERJGK0VGUM7,-1
A1LZJZIHUPLDV4,+1
A1KOE4AABUO2MG,+1
A3PXM0NZ53P4F8,+1
A8KPFQKJH0X1L,+1
A10TYGME2FQHO7,+1
AEAMYMY5HS324,+1
A2JSQCBXKZNNJO,+1
A26X7W5UM5QFT4,+1
ADDDFVHP3CSVA,+1
A18RTNWQZDRB2L,+1
A1X37RPYOJLQXS,+1
A3S2ZEYQ79TDY4,+1
A35HOUWHAYZZN6,+1
A17IYRLGMHE2RI,+1
A2FVD05Z2FYW1P,+1
A3OMVQX7DY7Q8H,+1
A17AQQD8K5WB63,+1
A3UVTS6JPKW0GX,+1
A1ZQI0ZOZ2AON9,+1
A1OEQY76OJ3STI,+1
A165Q8QLQB1BEE,+1
A1ODSI5CGA5ANA,+1
A2JP9E1H0SF392,+1
APL2KETIYQMHU,+1
A3I49HMI4LV6HU,+1
ANFBXZLR7I236,+1
A1VFA7BBBYL0LX,+1
A19Y3BY1604WBW,+1
A2OOGNEEW60IQ,+1
A29SDTTPMASNVN,+1
A3SUCXWNLDQKF7,+1
A1DJ9FOEOA0WF1,+1
A88USYRFGDUTK,+1
A2ZMQA8Y0X15J6,+1
A2OSKE3H4RA994,+1
A1RTUXC9W70SIF,+1
A12XDEMP7PQPDT,+1
A1WT4C5BZHW8KV,+1
A2M4U5L2AW8PKF,+1
A10CAPBGOMXRBY,+1
AO948VPP2SMJ6,+1
A2SYO0E2LDZ7YN,+1
ADEY0TI1X6H05,+1
A3Q06OYFE777GF,+1
A2A4V2TRW08GC4,+1
A1FP5ZLSKR07SU,+1
A2ZGHESQDCI77M,+1
A1W7BIVI3O46Q,+1
A32IBJNXQB3HQ5,-1
A204WOS4OMHO5X,+1
A1R4FNCN368HJ8,+1
AQNLG42HPS5KD,-1
A3OFI0WHI6XW32,+1
A1HOLE9R6WPT85,+1
A3UCHPLO3XEAXE,+1
AJTDFI3ETE96O,+1
AY54QSGO3KWEM,+1
A1VFENCO558LY,+1
A2TO2BN3P4C00L,+1
A3QSICQPSXHXOL,+1
AYQWQ83PPCX3O,+1
A3P1T03UHU5QZB,+1
A16PE2Z6XE3P87,+1
A2A03I7HIJV44,+1
AZ9QKY75KO9NW,+1
A3GJ6WIPLK9LG1,+1
A14Q5D3QYA8FPV,+1
A24T5MHFK3R9RN,+1
AI0E9895R6O4Y,+1
A2PLNZAU8JVI80,+1
A30G6Q3WKQ2ONS,+1
A1LUZV4GV5VGRJ,+1
A23US7MAW915K5,+1
A2MJ8OL2FYN7CW,+1
A1WW0DODP4RS8V,+1
A24PH6RGFDHXHU,-1
A3NDZQKYTXW7T6,+1
A1VB07GBC3OLB5,+1
AGFFF8TSKHJ3R,+1
A2I6VAIAGS3KYM,+1
A1SB8CXAUIKT8X,+1
A3KTISKYS55LQ7,+1
ATUNQTRTF2285,+1
A3AFF7O5DLCW2Z,+1
A3S459EHZONQUI,+1
A1BSJF2VSVG2I8,-1
A18A9JKPZH2HO7,+1
A4QXRLFVZN03N,+1
A316RLHHO9Y24T,+1
A240JPZ4EINMDJ,+1
A3UFRBCC1CSCSJ,+1
AKMEY1BSHSDG7,+1
A3EPHBMU07LZ50,+1
AHQEJUMCMZGTB,+1
A1RKGR4GBD56E7,+1
AH6BI8F3EE6K1,+1
A382E0TCKN5TKJ,+1
A1RN11XVHIC4F7,+1
A1TRSGAASTT2PO,-1
A1HWU6AM3NH0UE,+1
A1AAOIZQ5JNUVL,-1
A393F381MA82AY,+1
A1YP5WLIHGG136,+1
A2WT042WTYHTNI,+1
A3JHZ1O0CWREE2,+1
A1EE6LQS3OPY6R,+1
A1ILANU80CJWTX,+1
A22HJXLZL766N4,-1
A12NEAMW0X0OGW,+1
A3HMKD1UETC5D3,+1
A63YB0ELFERIQ,+1
A3TTIGRDKH9T6O,-1
A235CCN8QMXWO2,+1
A1C217T6VWIE3,+1
A1GEPBQYM2D842,+1
AEM5U7R1QBGI0,+1
A2MNB77YGJ3CN0,+1
A2T3A1GCYVJ1XV,+1
AL7DGOWBRV9VC,+1
A4PSED6S1YSPI,+1
A29YZTTKSQ3W2E,+1
A1EY7TRU6MMH1F,+1
A1LK7DNXQRYMDN,+1
A2H74FIBDN5NMR,+1
A2IIMX1CS0TIE9,+1
A1PIFI7VXW78ZA,+1
A2OOCPLJM7I4VA,+1
A3BKNXX8QFIXIV,+1
A33PG4PZ082VD6,+1
A1GCZDVS8F5JYM,+1
A10IMQHW2O2EO,+1
A3HTMUB72A5P79,+1
AJSQODVTPYBKP,+1
A257BBBDKZFJZO,+1
A1LSUEX8R0ZSZE,+1
A2JS80OZUFLPBW,+1
A19IIHI8GB61CV,+1
A198DOHB5Y97TX,+1
A2WMD881MYFE6F,+1
A313H6238N589,+1
A2ZA3ORIX6Q481,+1
A37CENQP0ZNKVE,+1
AWIF8AR75LL9L,+1
A16459DAS8ND87,+1
A17GK9E70O7Y9R,+1
A3J0OXB9KIC5SS,+1
A1A8JORZKBNRVE,+1
A449LQ4ETONNA,+1
A3O42SB12IAE4G,+1
A1C9WVCEU72PJB,+1
A3B3F8S3RWQ4XI,+1
AYFRMAYV4RZ6V,-1
A3I4MWNLA68W2I,+1
A1C95CZFPWAGMF,+1
AMKEJ1FF975P5,+1
ACM6X1Q9R2K81,+1
ABAHKMFEHT8K1,+1
A33NFTZQ9JXUO1,+1
A292UBQX322O0C,+1
A2FEG0BD3XF941,+1
A3UKWQS8SRW6IO,+1
AAUV4LG59M8JT,+1
A1XN69R2NN4KO4,+1
A1CBNUBPZPWH5D,+1
A3G0Y43S59MOKK,+1
A3GTNVV1IM8KVE,+1
A3UBDVOL5UDIIB,+1
A2FU9YFTOUNARL,+1
A2CKJTLNXP40L3,+1
A18SPWHKMN5P86,+1
ABTUNH7645QJL,+1
AJWLEZHZ4GZBA,+1
A38G67NOP3M4UF,+1
A2416W8RO0W71C,+1
AJQXALOCJLITB,+1
A11IDK9L74LPT1,+1
A2EZW502SEA2N9,+1
A3U79UMRT16MGC,+1
AZR55JSEMWB76,+1
A1KXONFPU2XQ5K,+1
A2OEUROGZDTXUJ,+1
A3T3KPW2QE866W,+1
A2UC5TV6ZNMRJR,+1
A36FE90RTAFJJD,-1
A3PJZ8TU8FDQ1K,+1
A16V6Y0BWZAGNI,+1
A34IGT75VWLWRK,+1
A2DYMDOAJURO5F,+1
AF1H4YRBRMBB9,+1
A1ER5AYS3FQ9O3,+1
A33E19YUNSEY5O,+1
A1RLP0R1N8H8C4,+1
A3PD8JD9L4WEII,+1
A3PU5ECUMTNV9P,+1
A1ZQP22BB28R02,+1
A3CQ7URWQ1FX9L,+1
A37I6B2ZCDFIQX,+1
A1D6MIWDTV4XO1,-1
A39A4SK0XWY618,+1
A3EXW4HNYX7HF5,+1
AWJAEX7VFW10B,+1
AIVDDGBDF2QO9,+1
AZEJ3U70G5ZNO,+1
A4VMQ6ZTSXSSL,+1
A2ASEKR0NI5EK5,+1
A2M4IEB226991F,+1
A1IP04QSYWO4TW,+1
AUABJ7HTC0CLK,+1
A1R87YSXT4SDS4,+1
A1LFSTBR7L7PUT,+1
AHDRKCRMPASUF,+1
A3NEAETOSXDBOM,+1
A38STJS73GCEC9,+1
AZXLJE30JHZ0Q,+1
AEWYUPCNDV7HY,+1
A245YDWC2TI9NM,+1
A1N5FSCYN4796F,+1
A3D0PV8Y6577NN,+1
A3AATF9L2UGZ2K,+1
A1E1WOZ3SC3O42,+1
A3NMA7RSO2HMBG,+1
A1G8USRY17IR1X,+1
A1EJ95I5W5S8FK,+1
A1LGREC73TSFOV,+1
A2BRIUCEREQMSZ,+1
AHWXH8CA96IBX,+1
A3B5NIIK4WM4WW,-1
A12KIEG8N4UJD6,+1
A1RTSGY2749P9Z,+1
AWAB7PKBO3BBT,+1
A365Q3QLU40Y0E,+1
A1CE0IHO5LSNGN,+1
A6TR38N93U6GR,+1
A2YMCPP3KW9IXU,+1
AUICIB1WWCAQ7,+1
AAXN5RO0QV4OD,+1
A18GDKNYA7720F,+1
A1M9126YPQPS3L,+1
AAG0HBBZJRSL0,+1
A3GRN6J64F2C3X,+1
A3I9MCGO36KZ7V,+1
A1KQ31B1998R79,+1
A1VDFN0CLOAT1T,+1
AAG231B9RSSIN,+1
A1WO815QTZH45X,+1
A3U282TBAL40C5,+1
AGBTH6GMRIPRK,+1
AWPN47SSWK1JV,+1
A1CYNZMKTXO222,-1
A1FSZILKM1W3NN,-1
A29BHW9YT2FZ77,+1
A2UFC8M91UFRX9,+1
A1UX3N18NOREVY,+1
A1A1BM6N28X9J0,-1
AY50S2HZHQO2Q,+1
A7MHWORF8251S,+1
A2NQWPJ8EBWM3L,+1
ACVW32PGY0RH5,+1
AJKVDZ11RPMTP,+1
A11ZJ7KDGH3O9W,+1
A3KKM0T1KY42HA,+1
A1Z94P94HPWOU0,+1
A3HXF3GVPBQ5B,+1
A3IDT9839HY6Y0,-1
AAD53V45KF2VL,+1
AVPNQUVZWMDSX,+1
AYNIT5FYOCH30,+1
A3G3M94GHAJPSA,+1
A1XFF11MZPQ04T,-1
A217ZU7TX431H9,+1
AMMW54QZR953J,+1
A196X5Y1C8FSDW,+1
A3I5YPJZMTG1QO,+1
AXTYITAKQ81GC,+1
A37MH7ICH80QOX,+1
A1HV6OJ88VJPB3,-1
A1285WENLZXDOR,+1
AK8LOFYRZJJW0,+1
A22W947NJCFC6V,+1
A2C5IQ6FLEM4QZ,+1
A21V2QODUYH7Q8,+1
AT5BP7OVH92WT,+1
A3CLV8BZ7M6ULS,+1
A1LEWAOY8SPN9C,+1
A25NYC06X34V46,+1
A2R1PS40MI7Q9T,+1
A1SCD2NYTIAQTY,+1
A1FPPG4EYZPG9J,+1
A259RT344AJJJA,+1
A178DX34IA85M1,+1
A3VNHKZYCO45X7,+1
A3D6TFYRMIV3ZL,+1
A35BSF26M75AR2,+1
A25C5MVVCIYT5D,+1
A3VD7LHZAHL9D5,+1
AYENK8JYGMT8J,+1
A16MSLN6N2NG6H,+1
A2VYJQA825S3VW,+1
A1VD1J1E8JYZ9M,+1
AWZR0O65DL2Q,+1
ASTKE3NLOONRC,+1
A3O6VJS3L852B8,+1
AJ0KMUCSHSSMZ,+1
A3SFMQ57CXT8Z3,+1
A28Q87PAMQEKUF,+1
A3AFCZTWL5VNNR,+1
AMR7T2WFHHZJD,+1
AHN86VFJIJ2JP,+1
A3U26BJ7JM24OR,+1
A3RO1J2XJYDG0R,+1
A118Z248EE8HDS,+1
A5UI0R6NJB4E5,+1
A31ADXPMW49U5J,-1
A19CK0Z9SLC2NV,+1
A20SOJHBIN8L22,+1
A1HRYC60VTMYC0,+1
A2L9028WTVFL1I,+1
A3R7R8ARVN2P3D,+1
ANHNUHKI585T7,+1
A3MTL8TQ6OUA2T,+1
A3070ZJOC44FW5,+1
A21YC6U1S1DPDQ,+1
A3KLTB208G77TH,+1
A3OQFWMCMYYO4M,+1
A2ZBP8XHC3SHNW,+1
A38P3P5IV8T7AF,+1
A4LSU7HVACTB5,+1
A153G7BHUKCI8Q,+1
A22EMROFINDFI8,+1
A2CG5T4H5CB3IO,+1
A383XURHVF8ON6,+1
ANTR1PD2OLBTT,+1
A2HQ8RTAJYEUJO,+1
AKZKG2Z7CNV27,+1
AJ6UMAVDAYXG4,+1
A3IQ71NTVRFAV,+1
A3NXCL9NJTL3TF,+1
AMZWWP4LFT932,+1
A13MKSASQ6YWL7,+1
A1Y9QL1OH22LT,-1
A29D2F7YZ2AI3,+1
A1MGHHKWTWEBUL,+1
A3FKGKUCI3DG9U,+1
A1I85Y08VRZ32Q,+1
A1E5F4L4PC6QNA,+1
A15I9CMS42U490,+1
A32Q5HN7RQN6GL,+1
A353Y7VBQHHW0T,+1
A3D0OTL9OYYHFT,+1
A3L11WCNJ40GZJ,+1
AM2DM87SC3K50,+1
A2BCNCXJYDWP8K,+1
A14CR6A9AOGMX8,+1
A27HYAB5IYG0JS,+1
AMIPRQWY4IMC5,+1
A2VW4FYZILSXF2,+1
A1S3DCJ9T7GAK,+1
A3L037WZ6NH1X5,+1
A2FLPBEGWHALZ1,+1
A3NAVE6XO1FAHU,+1
A1Y5WZCPXT76F,+1
A15W2RHVS7L1D6,+1
A3UUTDX2WNVUS3,+1
A3FC5Y7XCEEOXY,+1
A2WM4WFT86WGKP,-1
A3TJ7A7FO4GM47,+1
A3LDQM3GCURG92,+1
A2VNXYBE1QRCX1,-1
A3157CLF9IZGRL,-1
AO1HIVTUCQZQ2,+1
A12UJLS5ER4TNM,+1
AVMK3SLZ2UZ3L,-1
A1ROUMJOGO4QMB,+1
A3LOIAZYY3U9V9,+1
AKYYV4PLEJRJJ,+1
A1PXGYUNXFJH1W,+1
A3PSVI1D7LQ4GN,+1
A37Z843SR49K8P,+1
A1STURXX6VYZEY,+1
AWFBCO3SYHCDU,+1
A2843500EKO5YB,+1
A26GEFQVB416FS,+1
A56SHVW3WRHNG,+1
A10L8O1ZMUIMR2,+1
A27UJX97YF43RR,+1
A3BCOMUTI0YDBL,+1
A2AQ2JKS7NTGQT,+1
A2IVO6H30VNC25,-1
A3PE884TA8529G,+1
A2BPBHC8ZSELQ9,+1
A16NBAJPDXDG1G,+1
A3FCHYBMIN5OG,-1
A12D1W27AMNG7O,+1
AQF2SMXB950D9,+1
A2G9M92C9FBUEP,+1
A3DN9L5KILW0HP,-1
A1R19K6O4IAF5W,+1
AJKUKIVCQAWKC,-1
A462XX042KTYG,+1
A70NFM6KHU24F,+1
A1T61QP7QHYBRQ,+1
A2VFCUC88UKI0D,+1
A1YE12IMVT18HV,-1
A1WGH8V8P9R15A,+1
ATIHDHZYNQ0EI,+1
A2Z4SALHGEO62C,+1
A3GGXJD0BMJ2W3,+1
A2YCEKVUN1W5F1,+1
A2OLJKXJBAYBTY,+1
A2LXW6XUS5UIGN,+1
A1P481H13Z45HY,+1
A2C33BCOGHV8ZG,+1
A22Z9R91N8L7IQ,+1
A3CAC9SWUK3WEA,+1
A3B6G4GLIV5MTK,+1
A216NSW58Q3SCJ,+1
A39NGYK97FBZM3,+1
A33BMBIWJMMDDP,+1
A1FDKM561MUQJM,+1
ATJN4KEHJBOC8,+1
A3EY9M1LU56AMI,+1
A2LY8NNOJMI1CF,+1
A1TE85RPUZS1Q6,-1
A2NXPEVPFAYN1Z,+1
A3R6PI47EF3F83,+1
A196SEEGLL4OGD,+1
AP5HH5USUJANT,+1
AIIR8E34EDKCQ,+1
A7RSK5VUN9BH8,+1
A375TGHILH9W68,+1
A3QDITMY3OOYRP,+1
A1BE873ZZJ2388,+1
A21Q5YZFQQ62YG,+1
A2KZ7L4OATB5V2,-1
A130VGG4P4PW5J,+1
AH93HX89KVQG2,+1
A18RU2AEYLG7MS,+1
A3LQS08K2OBI5Z,+1
A2CCIGETPKOEH0,+1
A3CG6YLYZJXQG4,+1
A2ZL5W6AP7DO7N,+1
A386OP2O7Z5Y5L,+1
A2YM3KILJ1G0YJ,+1
AFPT0X3I2NPXO,+1
A35WLE6KYWV23S,-1
A3MXO5BIX3RZ25,+1
A14RB3WBO7RGCF,+1
A2D72VZ2YNPSFG,+1
A1EO55TS5OD00L,-1
APA1GLNHF6K9H,-1
AY8JV2D8A80EK,+1
A1O626RCX1G3J0,+1
A3PXPVW8OBH35N,+1
A3GSZWOVHBAZ4O,+1
AIDPKNFYTTJ9Y,+1
A30QOW3RYHGQA3,+1
A2F56CRL29D7QN,+1
A3NJAYJZTCKWG,+1
A37GS73Z3Q6TMY,+1
ACF0C7ROQGC9T,+1
A2SA6LR78V49UV,+1
AXPXRVIJ0MCIF,+1
A3PKD2GXWBP7W2,+1
A59128KLN4BQK,+1
ANCA2DJU6I6D7,+1
ASSKNUG7SHUA1,+1
A3L2742VEAZ7R1,+1
AGKSJ70C1ZBQD,+1
A3SQQYS79AV13M,+1
A54LDOK42IASU,+1
A3900BFWJXKJP0,+1
A2SZLNSI5KOQJT,+1
AM917OVTQ63WK,+1
A3CI9DSB6Z76JF,+1
A3G7O69WITI57Q,+1
A1K3OG2W3KBI54,+1
A1N2L9A6I686G5,+1
A2AOD7254MCKSH,+1
A12K79HZGK3XQV,+1
A33WKYJSJOOZRN,+1
AFDNACPVKXXPZ,+1
A3N8KKKCPX8KZD,+1
AH5CQ8TKUURI7,+1
A1DB5QPH7WO488,+1
