A1LZJZIHUPLDV4, -0.760301
A281NPSIMI1C2R, -0.729359
AZV26LP92E6WU, -0.698503
A3NEAETOSXDBOM, -0.649985
A1ODKP5Y7DPMM1, -0.606329
A1Q7A78VSQ5GQ4, -0.594946
A2A9X58G2GTBLP, -0.589116
AYB4ELCS5AM8P, -0.577176
AKMEY1BSHSDG7, -0.567135
A6GMEO3VRY51S, -0.563588
A29JUMRL1US6YP, -0.562007
A3OXRFCJI67IMN, -0.561431
AY12DBB0U420B, -0.545705
A1PG8FDKPVHXE, -0.537966
A1XGFW5016CGQI, -0.536992
A3VKBFC5K2INR4, -0.530986
A2II09GQGWOMTQ, -0.529358
A20EEWWSFMZ1PN, -0.527734
ATIHDHZYNQ0EI, -0.526624
A2YO8731SKDKLL, -0.524548
AQ52JX9ES6XYY, -0.513763
A2MNB77YGJ3CN0, -0.510012
A3B6FOHAAOL7G3, -0.509784
A2OEUROGZDTXUJ, -0.505144
AMRMK86X3PKXD, -0.505021
A2NI95Y8UNE85D, -0.502131
A3774UJAKO4FHI, -0.501721
AMDREWLSOT8ID, -0.501621
A31J176KH7ZZEY, -0.501300
A1GV4HEM6XZC06, -0.496950
A3UUTDX2WNVUS3, -0.495548
AFUM9UDF7IN6I, -0.480649
A2G7B7FKP2O2PU, -0.476653
A23US7MAW915K5, -0.474790
ARXU7TM4XXI1D, -0.473269
A2GR7SRMJ54RG7, -0.470929
A36VNMYPXBSTQ3, -0.469450
A37MH7ICH80QOX, -0.468206
A249W93JNSUZ9Q, -0.465948
A2R6RA8FRBS608, -0.462682
AA4GC72H2UZQ4, -0.458420
ANJSMWN361NSG, -0.457787
ATZ318UY72KZ0, -0.457476
A2OETFZ7IA6XSQ, -0.457298
AZU4M5K1N2LAB, -0.457123
A2FBP7NGRMG73O, -0.457095
A2NVPRHU3VF05G, -0.457091
A17AQQD8K5WB63, -0.457082
A250DA7FHOZ15B, -0.457072
A2Q11LO2M5GXDU, -0.457057
A6ZY59M7WOAS0, -0.457056
A2X7CQ27QJ16HV, -0.457056
ABK32ED0M15MR, -0.457056
A38P3P5IV8T7AF, -0.457056
A2L19XLK1JQS3I, -0.457056
A14ELYDYX7LOFQ, -0.457056
A2M9OWAU1VQ0VT, -0.457056
A3KWRPM3DWXNXW, -0.457056
A2ESI8PZ7N4ZBR, -0.457056
A17HTZ4S9NUZ93, -0.457056
A2N0XGXKS9KTCK, -0.457056
A20X23WJLV4R5X, -0.457056
A1JTAI1CD99Z9X, -0.456960
A1DI7KMBSK5MTU, -0.456953
A360DPC534SN3C, -0.456951
A25NYC06X34V46, -0.456951
A266OAY9BKJH5A, -0.456921
A31KEDM3BCYK6D, -0.456912
ARXDKTGDQ9SDL, -0.456910
A2RN5EQC3F75PJ, -0.454269
A1KPQQXV7G8CLK, -0.453691
ACYR6O588USK, -0.449656
AH6BI8F3EE6K1, -0.448813
A353Y7VBQHHW0T, -0.448637
A3M8R4JD1SIS76, -0.443725
A1080SE9X3ECK0, -0.443161
A2MOJANFPX353G, -0.442533
A1G6SB0FDFG9TB, -0.439664
A12DQUAJN9QH23, -0.438281
A21ESVL96WF620, -0.436892
A1SYLII0808HD6, -0.436048
A3KSXW1MF1GRHQ, -0.434923
A2NQWPJ8EBWM3L, -0.432698
AQXJM6TILVEDY, -0.432116
A1YUL9PCJR3JTY, -0.431685
AWLK6NSSV0YNA, -0.430290
A3DA0BTIGT3WG5, -0.428048
A1G60ANYI0HMEU, -0.423931
AUICIB1WWCAQ7, -0.421762
A18NJ23KZ9LBOV, -0.420727
A3E9OJWHMXMYYF, -0.420630
ALSAOZ1V546VT, -0.420239
A16V6Y0BWZAGNI, -0.417715
A25JMYLCBYKEKL, -0.413639
AI0BCEWRE04G0, -0.413050
A35A5S6H1WROO6, -0.411337
A1MUQUK1M4UK16, -0.411203
A1K3OG2W3KBI54, -0.410726
A2K2EUL44GUFPJ, -0.410714
A19Y3Z5SFLDYPK, -0.410590
A3SQQYS79AV13M, -0.410555
A383XURHVF8ON6, -0.409078
AO0HPTFIKQE9B, -0.408518
A1H4R7TY2G50DH, -0.406608
AF7DZ97VNSEWN, -0.403279
A3QFVEQNX2FQ8P, -0.402014
A3UCN2RGY7O6S1, -0.401915
A2H5ROZZC74XN1, -0.399542
A2PSC7LUNIDEAH, -0.398778
ALHLA8UE7JFQT, -0.395136
A3V1A3C9DTLPME, -0.392942
A3C00N4UHA5XYX, -0.388376
A1VL2RQ4J7JUMR, -0.386975
A3PKD2GXWBP7W2, -0.385245
A3R1D7H3PIFONU, -0.384646
A3PI8JJ2E4VT5E, -0.380011
AF72GTWZGAC61, -0.379671
A2D72VZ2YNPSFG, -0.378390
A2PF32UUERJXB8, -0.377422
A7VNP2A3H72JD, -0.376629
AQRJWDODWT0DJ, -0.376614
A1VY0DT9IKMX54, -0.376395
A36JDIN9RAAIEC, -0.376390
A2817AWABAP3RC, -0.376390
A3ENN12GLNTUAF, -0.373412
A3QJQQZTKFV7BJ, -0.370337
AJLW1DZSHOVGW, -0.370267
A16IWM0NZWOP6X, -0.368243
AGJRZA4GW3E1H, -0.368208
A2N5YX7DLGPG3K, -0.367848
A3M174IC0VXOS2, -0.366850
A22BPC7LRSGSYQ, -0.366195
AF42HX1CY5TTA, -0.365732
A3MFU0GVZUVH3K, -0.364662
A1E5F4L4PC6QNA, -0.363840
A27C44BIRQH3QW, -0.363724
A3EPHBMU07LZ50, -0.363591
A2E3WMF9RWW2X2, -0.362841
A1HRYC60VTMYC0, -0.361230
A130VGG4P4PW5J, -0.361135
A2SS44O400KIZ7, -0.360895
A31N6KB160O508, -0.359530
A1T61QP7QHYBRQ, -0.359351
A1BSQ83BO7I1FV, -0.354778
A305V2I73XDWVI, -0.354717
A2H74FIBDN5NMR, -0.353853
ABLOQZIL42W7I, -0.351697
A241HDIOHZJRBR, -0.351547
A3QDITMY3OOYRP, -0.351034
A3SJUCPMB971EJ, -0.350714
A2SZI14XX6766E, -0.350379
A6TR38N93U6GR, -0.350322
A38VEGWQVBGXW9, -0.350317
A13FEDZA2FZLCC, -0.350303
A1A0MBT5LKK8U9, -0.350296
AWT5UP95WGJIQ, -0.350279
A1CF1EH4GG3R7P, -0.350275
AHWXH8CA96IBX, -0.350272
A1TB6EJFXJDW12, -0.350271
AVD4CW13F9JF5, -0.350222
A17MURLSVTLNKN, -0.350161
A1N2L9A6I686G5, -0.348837
A3GRN6J64F2C3X, -0.348440
AZXKAH2DE6C8A, -0.345715
AZ4559S8F5J4F, -0.345387
A1YP5WLIHGG136, -0.343095
AB094YABX21WQ, -0.342220
A29SDTTPMASNVN, -0.342092
A1IU7S4HCK1XK0, -0.340987
A1ZH9LWMX5UCFJ, -0.339799
AEM5U7R1QBGI0, -0.339300
A2NAPBVCV7P4PM, -0.337857
A1HWU6AM3NH0UE, -0.336752
A3NXCL9NJTL3TF, -0.336619
A2AKOKIF0S0R4Q, -0.336531
A1RTUXC9W70SIF, -0.336061
A3NQTNQ9W0XF1K, -0.336051
A7JW9WS18LOKX, -0.336028
AY3IAMPH9O3XE, -0.335973
A320QA9HJFUOZO, -0.335973
A16WJEVYQPKAP7, -0.335963
A28RLTVE9YJBPW, -0.335962
A134S6TOUH24QV, -0.335959
A1GBZCL326K4GN, -0.335957
A2A5RQRIUHGVOM, -0.335941
A2L9028WTVFL1I, -0.335941
AT0J9IP8XD95F, -0.335941
A13SOXNMWXQVNU, -0.335941
AF8XI1GPGSCH3, -0.335909
A2EZW502SEA2N9, -0.335607
A3094EPI56GKZ6, -0.334373
A27VBMB8NNKEJU, -0.334231
A3LH77PBDFEO3F, -0.334000
A3OXHLG6DIBRW8, -0.333656
AXQIHSF9KK7CO, -0.332994
A58N07M0ZCYMB, -0.330052
A1Q8QT6GOH6SEX, -0.329269
A2SA6LR78V49UV, -0.327698
A3IUW081KXD3PE, -0.327451
A1QLPXFD05AMOU, -0.326282
A2L4FXJZISAL4T, -0.326215
A3D6TFYRMIV3ZL, -0.324309
A3HTT401A6216J, -0.322757
ANF0XRBISV40, -0.320847
A3OWU1R4LAL8GF, -0.320643
AY7PS9N341GHE, -0.320641
A3DZ56XGE3ESRM, -0.320634
A360EFJOE4L7IZ, -0.320627
A3HXF3GVPBQ5B, -0.320626
A12UJLS5ER4TNM, -0.320626
A2CL818RN52NWN, -0.319634
A1K7OUOZGT6EG3, -0.319069
A1K82R24ROO2I7, -0.318777
A1KEK09ZA6J9P8, -0.318582
A88USYRFGDUTK, -0.318423
A18OUQEK7IZ2F2, -0.312149
AUW5XC67E9MIL, -0.311398
A8VP6U6IE2GT6, -0.309132
AJCK6OKNWGIYG, -0.308840
A18RTNWQZDRB2L, -0.307624
AQXR5XB3URGK9, -0.305091
A15XSWG3ZX9SHS, -0.304273
A3S2ZEYQ79TDY4, -0.304251
A2W5K1J5D3AP, -0.304227
A1GCZDVS8F5JYM, -0.304214
A1YPRLAFZLSAS0, -0.304214
A1GF6NCSM4Y3C9, -0.304211
A2UFC8M91UFRX9, -0.304211
A1BE873ZZJ2388, -0.304206
A1HZ4TUPLQ1ZEA, -0.304204
APAZPK2PUQ14H, -0.304202
A3RHNM8T5VNYAA, -0.304201
A3NQ0PVNWRR0Z6, -0.304200
A3L2742VEAZ7R1, -0.304200
AWJAEX7VFW10B, -0.304161
A1TIVD0Y3KJSCN, -0.303576
A3M32YMWKA2GP0, -0.303531
A2IUBJJBH9PF9R, -0.303413
A3HMKD1UETC5D3, -0.302609
A15DJHT9VECM95, -0.302409
A52X1I4UT56KL, -0.302346
A5A3C6XVDYUND, -0.300638
A178DX34IA85M1, -0.299968
A1YGCU0QQKZC29, -0.297760
A3SLPC4WE0HVAV, -0.296155
A3FY3H6F4249E0, -0.292323
A30HHGQ1P5OXTZ, -0.289596
AU2DAD4WD5Z0C, -0.289340
A25PM9JGHPU8EI, -0.289336
A1GYEGLX3P2Y7P, -0.288786
A3AAZCSMJHVGF1, -0.288591
A26GEFQVB416FS, -0.286682
A3TPLK0JV6NKK6, -0.286662
A1YYWOLUF6I4G1, -0.286593
A6WME11TGFMEW, -0.286579
A3JT4RP8UEGL4N, -0.286558
A3VEDVQGMBZ0HM, -0.286550
AC9JAT85740ME, -0.286533
A31ASDA3Z5BCYZ, -0.286527
AR3ZPBPBAHSUU, -0.286519
A19CK0Z9SLC2NV, -0.286513
AIDL4DGVARK25, -0.286513
A1XMXW9OQTRNE8, -0.286513
A3HQKFTDZZZHNR, -0.286513
A2WSBVNJNJFXDW, -0.286513
A3NVAY16BI7DAO, -0.286513
ALWUWI6PESIXU, -0.286513
A198DOHB5Y97TX, -0.286513
A2QG4B0FCPOGW5, -0.286513
A8PZHR49KMCRP, -0.286513
AJ0KMUCSHSSMZ, -0.286513
A1SKDF4LNR79ZZ, -0.286513
A1ZQP22BB28R02, -0.286513
A1EA3QWLRO24X8, -0.286513
A1IX0NC997O0NS, -0.286435
AHDRKCRMPASUF, -0.286430
A3FKPBNI7UWQFW, -0.286065
A30H2335OM7RD6, -0.285209
A33SF0MD1XMGZ, -0.284858
ACZA62F9MWNCS, -0.283832
A1C573233MQPPI, -0.280953
A2YG3SRC8AMQ6G, -0.279638
AWE1OX5KHTOAM, -0.279619
A1HXWVK7RKR4D2, -0.279494
A3TR1OAI4BZDZJ, -0.279476
A2245BFM3BFKA3, -0.279402
AXVNVV5VH5XZY, -0.278522
A3EBHHCZO6V2A4, -0.274282
A3VDQD94VOMAXA, -0.274012
A2B7BUH8834Y6M, -0.273658
A3M6RVUVZOQZLB, -0.273539
A1KNF8V0TT4LW2, -0.273207
A26LO3KVCC5ZGQ, -0.273165
A32R0HBCV9FCJM, -0.273023
A393F381MA82AY, -0.273014
A27L4C6U6CE778, -0.269549
A1C1R6922S2V5Y, -0.269477
ACM6X1Q9R2K81, -0.268279
A1QOK5WCD3KEDC, -0.268112
A30QOW3RYHGQA3, -0.267586
A14WNZ8T1YITTT, -0.267483
A19ZGQMTNYO00, -0.267472
A2BZQDGWUEB3I6, -0.267457
AIIR8E34EDKCQ, -0.267449
A2GUXRR0DPXM2Q, -0.267437
A118Z248EE8HDS, -0.267435
A3VNZ2DMCCAMED, -0.267433
A3SUCXWNLDQKF7, -0.267427
A27HYAB5IYG0JS, -0.267417
AI6X086NYC9N2, -0.267414
A2D5DVBEYMM6ZP, -0.267413
A1ILANU80CJWTX, -0.267413
A1A4MFC6VF9ZK9, -0.267412
A1DBC47OWOILTQ, -0.267411
A33AMRSCWG7E1E, -0.267410
A1LL6T11TQTRY, -0.267409
A3H6PPWWDIC8KX, -0.267407
A10PV6AP8SXEDI, -0.267406
A39NRLN369P8NP, -0.267403
A1HEI1CQHCNB0V, -0.267399
A74Z12LIJZEGS, -0.267398
A2FU9YFTOUNARL, -0.267396
A3Z1AUA74DP1N, -0.267395
A104NBZOSZODEQ, -0.267394
A2416W8RO0W71C, -0.267394
A11VH8PJ2MEHFV, -0.267393
A30HTE062DH3KC, -0.267390
A30VESJC65X8W3, -0.267390
A2L7M1TT7T843O, -0.267389
AC8NEZHM41IW2, -0.267388
A259RT344AJJJA, -0.267388
A24CTJ2DO0AJ62, -0.267388
A1LSZETYVUCIOW, -0.267388
A2A97SK9GI8ZQY, -0.267388
A3IWARBYLJFDHD, -0.267388
A2PDPKUHFXG3FE, -0.267388
A1U8FSIM58TXFN, -0.267388
A356TMH6DQFT2E, -0.267388
A1TGUV7508AXPV, -0.267388
A2BRIUCEREQMSZ, -0.267388
A2N3N439PRGV3I, -0.267380
AHW33LYPMQ8DB, -0.267360
AQ73BMYWH1EM8, -0.267347
A1EUHMS0VCAX31, -0.267334
A4Z86MPHGG0A7, -0.267323
A19IIHI8GB61CV, -0.267314
A3ACCH1UM0OKVU, -0.265931
A3RR2P5IS3DGPR, -0.265662
A37T8V8TLYVIXQ, -0.263927
A1ZSJNSRZCNCS1, -0.263499
A28QTVEFQX6Y9X, -0.261896
A2843500EKO5YB, -0.261707
ATUNQTRTF2285, -0.261533
A1NFVOE5CHONU0, -0.261045
A2N3BRPS0NS7FF, -0.260550
AQ5DOLCW77FEE, -0.259617
A2D1OUM1P2SK4M, -0.259336
A1YDQ8I5KVNF8P, -0.258863
A106ZCP7RSXMRU, -0.257738
AUCN1M7NPIHX1, -0.256481
A257BBBDKZFJZO, -0.256413
A21F5EJGLBH2QL, -0.255959
AHFT1TU6FEFQ8, -0.255861
A1R87YSXT4SDS4, -0.255838
ARVQ4KDMT0FS9, -0.255594
A3T1LD0C65QCWK, -0.255264
A1ZWM7T7R6MO02, -0.254670
A1VFENCO558LY, -0.254472
AWKZAUC0D8DYL, -0.253701
A3L11WCNJ40GZJ, -0.253685
A26Y776G7VVBCQ, -0.252210
A39ILC0QR4E09L, -0.248693
A1U8VI6I2MFEU8, -0.248504
A35V32HZEGZH04, -0.248460
AH93HX89KVQG2, -0.246850
A1VK8A8KJDHHLY, -0.246673
A1HLYNGUBXXW9S, -0.246664
A3UVLU7VDZNFEJ, -0.246662
AJ0XANDMK645Q, -0.246652
A23MKSHD31YDNE, -0.246650
A4QXRLFVZN03N, -0.246645
A3SGJD66DQULZY, -0.246639
A14ZMTS3J55PRQ, -0.246634
A2VI53GHHGRBK2, -0.246633
A2JWLGQZRIR4MB, -0.246629
A1LWY6JPM3EEGT, -0.246628
A30Z3BVRNUM3NW, -0.246625
A3T71OQ9DK76WG, -0.246621
A4O09N7ZP26RD, -0.246620
A2WP82F8OT207X, -0.246619
A1VMQAF4D5RTV5, -0.246616
A276CFPBYBLQNT, -0.246616
AW6AFZZH66H5A, -0.246616
A9TFKOQ57V1QB, -0.246613
AD1QYPQT28F0U, -0.246607
A3N8KKKCPX8KZD, -0.246602
A3RFU2E6SX9PHG, -0.246580
A1AND5XBFJ7L76, -0.246554
A370EX6FWFL8NE, -0.246551
A1LOZM3QVMQYFI, -0.245429
AB4SFDDO5DT8P, -0.242226
A27E9UIO2CAOT1, -0.242225
A7RSK5VUN9BH8, -0.242219
ANWBTNWFJC4FF, -0.242149
A80FGKFCA5SUL, -0.242138
AY3XPKRAMKKY7, -0.241123
A14TUWXDA5WQ7W, -0.239984
A2K4Q4I8MPUMQU, -0.239815
AFHIOZC7DNAI, -0.238480
A2WYP6MZRK4G4A, -0.238327
A1MC6BFHWY6WC3, -0.236824
A1PAGHECG401K1, -0.235723
A11PMACA63EH72, -0.235041
A6E9IIKU5KPUY, -0.234427
A14Q5D3QYA8FPV, -0.234034
A2DI7UGT3YX4Q9, -0.233402
A4PI4DZJSVF6Q, -0.231971
AXJ1QYBUL86ON, -0.231161
A1XKQX71GJASJR, -0.227279
A3FBOUQQWKO2T2, -0.225852
A2OBDNQ5ZYU1L8, -0.225284
AWBGHDHH7E51F, -0.225229
A36PPDWYJKK8SG, -0.224852
A3UQXHI88S7XAX, -0.224489
A28KCF8N1U7MAF, -0.224172
A38A35R8VN5RWL, -0.224150
A1X2GWDA6TTWY8, -0.224020
A30KNLUAYQ73F2, -0.223984
A1KP6QQUWBH867, -0.223982
AZPOFLFAWXON, -0.223977
A1TD07CSRR8DN, -0.223976
A2ANIWVAFY5554, -0.223974
ASHECNE9V21NC, -0.223970
A28Q87PAMQEKUF, -0.223968
A2PHC1W7HA2NW2, -0.223967
A29VCB1YHD5IEL, -0.223959
A1RMYTOAF6FXM6, -0.223958
A63YB0ELFERIQ, -0.223957
A25XLF8H62HK0P, -0.223957
AB3XJK543W027, -0.223955
A1QSLSSWIIS7J5, -0.223955
AMK95FEZP7HO4, -0.223952
A5FBDIZ6VV4L6, -0.223950
A2D86JTG0BW9US, -0.223949
A376QKBKST79QE, -0.223949
AYENK8JYGMT8J, -0.223948
AN11XFDR3CZ6F, -0.223948
A258FXO3O8EQQE, -0.223948
A1S7ZJ88ZKUPUY, -0.223948
A10Q1QIHVXKT8M, -0.223948
A11V85TH6QDXEH, -0.223948
A3OMVQX7DY7Q8H, -0.223948
A2RIX3T3I9AGC3, -0.223948
A1PXGYUNXFJH1W, -0.223948
A1U37D8Q1ZQGFC, -0.223948
AMKEJ1FF975P5, -0.223948
A2EPRB513HYKV8, -0.223948
A2I5M1X863QB8L, -0.223937
A1XTXPACCRAJV9, -0.223934
A2FLPBEGWHALZ1, -0.223924
A3GQKB1KF0CRPE, -0.223917
A3NFXPFK2E58B6, -0.223907
A74SHV5ZD3RLT, -0.223660
A2FS9CYCWC6HLW, -0.223070
A250AXLRBVYKB4, -0.222704
A2AOD7254MCKSH, -0.222200
A2GOE7ITDGYVE, -0.222039
AEIYDQ5P7FHGY, -0.221791
A36MP37DITBU6F, -0.221740
A20AZ60KW8ECZM, -0.220602
A3TS0VFS4WSE7Z, -0.218927
A20XKFP1MCCBOQ, -0.218889
A2P1O2B865EBI3, -0.218864
AKK49Y5DWSEND, -0.218091
ADAASOYZ1TOMW, -0.217267
A1KXONFPU2XQ5K, -0.214993
A2YMCPP3KW9IXU, -0.211108
A1I34N9LFOSCX7, -0.209929
AYSYN1KLL6W5D, -0.209092
A3CPU6NZNKB5JA, -0.208376
A1OAE2FSDZAXTL, -0.208059
A2PWNYM29NJ2J4, -0.208055
A56SHVW3WRHNG, -0.206164
A1BVE2ZIBKJ7YI, -0.205200
A2DYMDOAJURO5F, -0.204715
A3OJX18B60PJR9, -0.204661
A1IP04QSYWO4TW, -0.203994
A2HCKBBEXELJ3R, -0.203233
A2WHV0YLBOK0I0, -0.202684
A1P27BGF8NAI29, -0.200482
A3L35NP2WR87LI, -0.199958
AHBQWBLSBKH6H, -0.199354
A14CR6A9AOGMX8, -0.199149
A3NKRBAWSVGMLA, -0.199140
A1PYBVIV3V5UO5, -0.199122
A1TTREMB4DDEX7, -0.199110
A82F6BLMZYE3P, -0.199109
AMPPPNBMRAEBF, -0.199109
A2Y8JZY1CD2TL4, -0.199109
A33E19YUNSEY5O, -0.199108
A3J4NARZK4Q4PX, -0.199106
A233ZW9QRXKCT4, -0.199097
A1ADMN7EY9STCO, -0.199095
A2NBVE6CVHFIY0, -0.199094
A2S83TYNA9FR1E, -0.199094
A2IYD1ZFWQISTY, -0.199091
AIVDDGBDF2QO9, -0.199091
AP6OL1S616QPD, -0.199091
A3TJ7A7FO4GM47, -0.199091
A15H73KHFVDRCW, -0.199091
A3E68E8YZ6E6FP, -0.199091
A2UC5TV6ZNMRJR, -0.199085
A3LY5F58098WPR, -0.199080
A2PFPT5QO28E1Y, -0.199080
A2BW6TGTN3WI6X, -0.199064
A1RADTHXONQYP0, -0.199046
A6L6ADVQQIFLL, -0.199046
A1GEMT7FSFKPDD, -0.199046
A86BC3J6G60UC, -0.198729
A26ZK8QFWXN859, -0.198718
A2CMHIZUH6ZMQT, -0.198015
AQQ79QLD9K4OF, -0.197934
A1KKE6VX8VPWZK, -0.197931
A1P2FJK2MOJ8IN, -0.197824
A3930X480VRR8D, -0.197192
AI5SG3N6F0RMN, -0.197071
A2NOZB6VZCTOI4, -0.196871
A216NSW58Q3SCJ, -0.196812
A3HPCRD9RX351S, -0.196290
A2RFJYQ08USWOG, -0.196192
A2Y8YFXEZWW34Y, -0.196176
A3PSVI1D7LQ4GN, -0.196076
A1Z54EM24Y40LL, -0.194184
A18SNZN6Z16NCV, -0.192913
A1IBKN1GXYJ3K4, -0.186495
AF3EWORDT15AU, -0.185200
A10TYGME2FQHO7, -0.184735
A2JQ3SEXKF86TF, -0.183761
A1HBC0NBQJHT7X, -0.183655
A1BWPKMS736AHP, -0.182945
A3N652JFUS0GGJ, -0.181995
A32GAHCZ43R7NP, -0.181773
ANTR1PD2OLBTT, -0.181728
A1KT19TDP9VE63, -0.180653
A2OWR5G2OAQF7C, -0.180651
A2EYQXB9N8ZWRW, -0.180395
A17HMM1M7T9PJ1, -0.180127
AQF2SMXB950D9, -0.177834
A2NAMA6YGQGPSM, -0.177759
A2OOQMIYF8XQST, -0.176981
AY54QSGO3KWEM, -0.176657
AT6D3Q62XXXSB, -0.176244
A3H7NPNDMGLOU4, -0.176218
A13AESJTNAVD1C, -0.175476
A2O421DTA8J0RW, -0.174001
A3347JHR2QMID5, -0.172406
A2AHF0C1VWCQVM, -0.171935
A3UCHPLO3XEAXE, -0.171925
A2PT2XT3JMLREM, -0.171805
A6T1RHMQ9NSE4, -0.171801
A18SPWHKMN5P86, -0.171790
A1QH5ILVG45J6Y, -0.171748
A2DH3QCVOS8XCY, -0.171741
A2IMODYHS3EL2O, -0.171734
A2YXF8J8PT41ST, -0.171733
A2TS3ASYVLBGVR, -0.171732
A34EGKN2KDX08N, -0.171729
A13S52ARME92E7, -0.171728
ATGD5QNAD6FAN, -0.171728
A13BOAPJ00I487, -0.171728
ATFA4TVG4C8HU, -0.171725
ABDQI3GI3UDTL, -0.171724
A1R19K6O4IAF5W, -0.171723
APL2KETIYQMHU, -0.171721
A1O0KPH1RH04WB, -0.171718
A2WMD881MYFE6F, -0.171717
A1ENOAVZGXYIN8, -0.171716
A1X93ES4DITTWK, -0.171716
A70TR5LKVN0OI, -0.171716
A3KKM0T1KY42HA, -0.171716
ALH32SI0M8855, -0.171716
A3B1ZPY5AF61T1, -0.171716
A17HFMUBV1AOGJ, -0.171716
A1KOE4AABUO2MG, -0.171716
A32AVBIWE6EB7Y, -0.171716
A3JOIU02PSJ4XI, -0.171716
AGS7K2HZEVTHG, -0.171716
A1F0HSH4QPP4XH, -0.171716
A30QYHMGSDGI0J, -0.171716
AFO5O26ZO244A, -0.171716
A3MF5Q9IHZR6IY, -0.171714
A1S9S9Q9QZK8Q8, -0.171710
AFPT0X3I2NPXO, -0.171709
A2ZXT6MSWISDXT, -0.171700
A1LSUEX8R0ZSZE, -0.171699
A3KYAZOEC3HYCW, -0.171698
A3D7MXGCU7HCYE, -0.171036
A1F7SX3GNVBNE3, -0.170631
AOINAOO0NQRGN, -0.170481
A3J30T6XOU0BWS, -0.167844
A2GLD72HQYHG0P, -0.167045
A1DJ9FOEOA0WF1, -0.165418
A2D1LPEUCTNT8X, -0.165353
A28Q0JA9H8WZOD, -0.163724
A3GGXJD0BMJ2W3, -0.163263
A2F0PCVFFG3PQZ, -0.161869
A7G9M0IE7LABX, -0.161462
A3HXIIRWL92LID, -0.161271
A37CENQP0ZNKVE, -0.160375
A39MB61G68XLS4, -0.159603
A22H0NAS6G66ZI, -0.158962
A3HERBT8W31BRJ, -0.158882
A2FO8KY6GGUZ3P, -0.158449
A1BET7AUXYEHCJ, -0.158177
AG7EF0SVBQOUX, -0.157722
A257TD5GO1T81W, -0.155729
AQFIH82DRPMW, -0.154619
A3DVZQAVE4NOZR, -0.154442
A2PL0US7RN67G, -0.154251
A39ANVSTOM4L6H, -0.154226
ATKC23BG2B0R7, -0.153630
A2YB7DLC3FOR7W, -0.153018
AC6OYOJRD3MUU, -0.152905
AOXMSGH15FT41, -0.151634
AUVV698SFLCC8, -0.151285
ATLZNVLYKP9AZ, -0.148671
A449LQ4ETONNA, -0.147199
AHNQ1JNX52P01, -0.147166
A1C05TSWTI3VZ5, -0.147166
A3U79UMRT16MGC, -0.146870
A3FKGKUCI3DG9U, -0.146666
A1RKGR4GBD56E7, -0.146410
AQLL2R1PPR46X, -0.146321
A35HOUWHAYZZN6, -0.145179
A1PB97BLMR9X2S, -0.145147
A59128KLN4BQK, -0.145000
AQRODCIYD7PYX, -0.144628
A3EXWV8FNSSFL6, -0.143929
A3MZNRSDQ32UUH, -0.143622
A32EOHLFZYXJEP, -0.143065
A32VP23GRB2UZJ, -0.142939
A1W8M57U8NKEEC, -0.141746
AU1N8A8XWHHTP, -0.141626
A35SGYGJJJS4JZ, -0.141561
A16MSLN6N2NG6H, -0.141528
A2D5ZYRQX2IMX5, -0.141524
ATGAKZ7VZBMUD, -0.141519
A191T1D7JURDMI, -0.141504
A1PB7BE6G5B8JK, -0.141501
A3EEDHNHI4WNSH, -0.141498
A2JS80OZUFLPBW, -0.141497
A2OI09LAVC6TO3, -0.141497
AA56INWQK0RKY, -0.141495
AA8GZRG23ULG7, -0.141491
ACXCS6NRA4EVU, -0.141490
A1CRZ7NFROF4HX, -0.141489
A2FIE8XAG5IJ4L, -0.141486
A2SIXFF0M93G27, -0.141486
AJKVDZ11RPMTP, -0.141486
AY1B3M3M4WC1A, -0.141485
ANHNUHKI585T7, -0.141484
A2VFCUC88UKI0D, -0.141482
A3EO7N1F1NPF64, -0.141481
AEPLIU5PTB47W, -0.141480
A30G6Q3WKQ2ONS, -0.141480
AMN5RKKFLU90Z, -0.141480
A2TLLRAWHNFV9Y, -0.141480
A1C95CZFPWAGMF, -0.141479
A8NUOJQ9GQ2VJ, -0.141479
A24KH2LLYGFSTP, -0.141479
A2A03I7HIJV44, -0.141478
A21998ZN294K2Q, -0.141477
ARC41G0OK4HA5, -0.141477
A1JDKNDE73FLV2, -0.141477
A2YX6NB9U1PX16, -0.141477
A1ZNKMH8ODI46E, -0.141477
A2ZM0DD9ECO86J, -0.141477
A3A84PZSD9J6AL, -0.141477
A3UPTWOH5Y4SD3, -0.141477
A2COWD06RSO159, -0.141477
A1VFA7BBBYL0LX, -0.141477
A3W3Y1XEAMH3E5, -0.141477
A2BZE7NAWXR0E7, -0.141471
A3BD5B8Y8MY25X, -0.141466
A1ETN863U836XZ, -0.141456
A1BIZKW047ROEO, -0.141057
A3AFCZTWL5VNNR, -0.141029
A165Q8QLQB1BEE, -0.140590
A2K4ZBXN90KTKJ, -0.140107
A3UPYGJKZ0XTU4, -0.137186
A1PI8VBCXXSGC7, -0.136125
A2ZGHESQDCI77M, -0.135944
A2LIPLT5LJTN5B, -0.134950
A1F7YU6O5RU432, -0.134016
A3RU3PJ3NUCN2J, -0.133558
A3LWC833HQIG7J, -0.132054
A1D7SKBDFLSKFX, -0.131286
A1US7D4TJ492TO, -0.130370
A17V9XL4CWTQ6G, -0.129897
A2NXPEVPFAYN1Z, -0.129228
A25C5MVVCIYT5D, -0.128667
A2GOTW3U8IIR7J, -0.128054
A2FE2YG8W9G8UW, -0.128019
A9GIGJUB98JNR, -0.127917
A22CW0ZHY3NJH8, -0.125015
AJKN1OQ368JGH, -0.124244
A128AAEK8YN0LE, -0.124215
A2TPM6XC32QPW9, -0.124135
AWZR0O65DL2Q, -0.123832
A8WKNCN7FUZ3U, -0.122497
A31AS7L29JTV6H, -0.121683
A1VI3X4BG4PMQC, -0.121423
A2WKZTY8BSS7WJ, -0.121388
A1B6SIX2I161O9, -0.121378
A1XFKWAR5STF0, -0.120417
AZ515FFZ7I2P7, -0.119737
A2FKVOV9422KOS, -0.118109
A3LDQM3GCURG92, -0.117762
A3HRF2F1UAH7L4, -0.117742
A1NS4SJZFYMKMG, -0.117718
A1J1QS7I60O018, -0.117708
AA5C0W51O2DIV, -0.117697
A1C9WVCEU72PJB, -0.117683
A1A8JORZKBNRVE, -0.116441
A1W415JP5WEAJK, -0.115719
A380S0FSWNY6QK, -0.114511
A26NEQFG6FIBXH, -0.114417
A21YC6U1S1DPDQ, -0.114101
A2G9M92C9FBUEP, -0.112965
ACJT8MUC0LRF0, -0.110605
A2E5C8TTAED4CQ, -0.110090
A3NAVE6XO1FAHU, -0.109999
A1421EDED1JI4I, -0.109499
ALJ77PYM7D513, -0.109404
A1G44WBRK9UNI4, -0.109399
A3FBC2AVXDY57T, -0.109374
A30WPXO5NXEREW, -0.109362
A1L4RDILGM7D9E, -0.109353
A2C5Z6F97S4X82, -0.109352
A5OWTJLIR5Y7K, -0.109002
A3S459EHZONQUI, -0.108619
AW06W3JZA0B11, -0.108428
A2Q0WZEYMNHMUU, -0.108218
A1RWFQ6GR72S8C, -0.108157
A2UXU21SUAV4B6, -0.108153
A10CAPBGOMXRBY, -0.108150
A1MJI53T1G0OUT, -0.108148
A3900BFWJXKJP0, -0.108137
A25Q33C6TYGC98, -0.108131
A2CWWT2JDUBOPL, -0.108125
A2JSQCBXKZNNJO, -0.108123
A2M9PIPERKGC8R, -0.108123
AUPDQSP0GMZ9A, -0.108121
A1QLF7ULGL1D3Q, -0.108121
A1AKPZULRAG5PL, -0.108118
A1DGUU9G7YFS3T, -0.108118
A3DPH7DOW5RLQ5, -0.108116
A1NVKR2POLRON8, -0.108116
AZEJ3U70G5ZNO, -0.108115
A5UI0R6NJB4E5, -0.108115
A18CWBL4WXMT96, -0.108115
A20A2SOQ4E05FZ, -0.108114
A33ZFPZ772MTO1, -0.108113
A1WO815QTZH45X, -0.108112
A3EICZTLGAJQFL, -0.108112
AFWQ2N23IJAA2, -0.108112
A1EKWJP8KRFYOU, -0.108111
AY8JV2D8A80EK, -0.108109
A3DKY21BKQSWX2, -0.108107
A1ALLZ2C7QK09J, -0.108107
A1UKQK8LFXVL2Y, -0.108105
A2GITA2HBW90VP, -0.108105
A1MGHHKWTWEBUL, -0.108105
A72WXQQQINW3E, -0.108105
A2MH83HHGLM72E, -0.108105
A33HGS0F6NVBRA, -0.108104
A35ILISZIIEI1E, -0.108104
A2ST78JTMA1OUM, -0.108104
A31ACB1YA6ABOX, -0.108104
A17T4A75ZKJVK3, -0.108104
A1UR1B8MLEX5LF, -0.108104
A3MXO5BIX3RZ25, -0.108104
A2ZXTZFV5NOTHZ, -0.108104
A3EH0O05YNABWG, -0.108104
A2AMU2D350BAOF, -0.108104
A3HWV1UB2MAX7H, -0.108104
A2TA37C7P7711W, -0.108104
A3FRPRII69O8GM, -0.108104
A3841OH5SMWSG4, -0.108104
A13MHE5GVBMAO6, -0.108104
A11ZJ7KDGH3O9W, -0.108104
A2ZBP8XHC3SHNW, -0.108104
A2P6RU7P6O1NW9, -0.108103
A1KHOI0WVQRI2J, -0.108103
A1JEY42M785KI7, -0.108103
A3RJD5EC6MYEE7, -0.108100
AC4UHSIEKM35K, -0.108099
ALL7VBW9BKLTN, -0.108096
A1DRVNY1LSND6J, -0.108096
AP5HH5USUJANT, -0.108091
AMQGC8AE0H5FN, -0.108090
A10SORC6LLRCTF, -0.108087
A3QCK1EO62XSND, -0.108087
A3T8RQO7MS1OI0, -0.108087
A3SYJR1HDV113W, -0.108087
A39K3CON02CFF2, -0.107778
A13HRSMJ5TOWEZ, -0.103548
A3EXW4HNYX7HF5, -0.102561
A3GF0GES2U2V19, -0.101364
A1J52MX2YDWSU0, -0.101131
A2COX292DY99BE, -0.100918
A10T2H6N4BDQ7I, -0.100914
A1WV25LU9QKGDZ, -0.098507
A3W37DL6P9WZHC, -0.097516
A1UAZ6MNSZKB7G, -0.096884
A14R9XMZVJ6INB, -0.096850
A3IQ71NTVRFAV, -0.096626
A2VIBZWD67KTKC, -0.096595
A3KT85K6QPMGSV, -0.095943
A2HCE1UR9PSLWI, -0.095538
AGFFF8TSKHJ3R, -0.095303
A2QVVNPG3CTFVR, -0.095288
A93LBTV617ZVC, -0.092644
A1QIXPV1XB7GL4, -0.091541
A1IMAK5D9XJJO8, -0.091163
A1CBNUBPZPWH5D, -0.090881
A1J5HIF41ENSMZ, -0.089606
A2PR6NXG0PA3KY, -0.089593
A2KQT4D0OZR569, -0.088821
A2IIMX1CS0TIE9, -0.087708
A2CK1FGN997YZ5, -0.087669
AJ4N1F0LLV4F3, -0.085643
A3S9DOTT4Z8JF9, -0.085552
A3MLOUYSAIGOFY, -0.085534
A1VE1GGV2HDPG8, -0.085533
AYL9YUOBCDG5I, -0.085533
A1N7BFJSBP75A8, -0.085529
A378I9YIPLBM1G, -0.085528
A1E7AIEUMWTQNQ, -0.085520
A3QG0SFKRTBLAQ, -0.085514
A1MOH4G96RL54O, -0.085487
A2MJ8OL2FYN7CW, -0.084423
A2ZL5W6AP7DO7N, -0.083797
A1285WENLZXDOR, -0.083700
A1TNK6MP89YXY2, -0.081288
A31W55J90T8NFF, -0.080529
A2D7PWKNB7A85O, -0.080296
A1Z3XWG2W5GOHP, -0.076782
AL4EMTKHSD91T, -0.076703
A19XMHRB3G4DIR, -0.075999
A3I5YPJZMTG1QO, -0.075735
A2ASW6L6IEKU5L, -0.074884
A39NGYK97FBZM3, -0.074735
A2YEZ8Z3BW2SKG, -0.074296
A36HEY6E2XQT75, -0.073864
A2T3A1GCYVJ1XV, -0.073738
A75Z4TERB8Q7M, -0.073731
AHIK7BUXFRMT8, -0.073644
A3JZNCC3VX1AAC, -0.073633
A2FO1R8FB6BLDI, -0.073343
A1FDVT0DLJWV78, -0.073161
AMMW54QZR953J, -0.073014
A1QFM9CFEUXZK5, -0.072334
A35MRD2W2M9V0Q, -0.071920
A1NCHUP6GQOHFT, -0.071830
A3DXJF6N9E3U70, -0.071806
AHOSY8W7EWK4O, -0.071764
A2QNGVSIHJ4LRX, -0.071761
A3TSIOLMFAQRZN, -0.071755
ALKJNMVW3NZFY, -0.071753
A2YKMLYKSVBIJA, -0.071751
A3PL5U3JYRSWQ1, -0.071744
A18XOBH52BUBJ1, -0.071734
A232HMXXW8Z6XT, -0.071721
A4Y25WA2GSO2H, -0.071714
A3T3KPW2QE866W, -0.071712
AIQDFXQG9K75D, -0.071706
A2SYO0E2LDZ7YN, -0.071706
A1R9ENDDUT7CM0, -0.071705
A1STURXX6VYZEY, -0.071705
A9JVGTV7XMM64, -0.071703
A18RU2AEYLG7MS, -0.071703
A3IHKGT1W8H1PI, -0.071701
A297OARE76DMYM, -0.071701
ACE4VDFLELKZN, -0.071700
A181WJD6XNAN1Q, -0.071700
A16PE2Z6XE3P87, -0.071699
API663PFYRQCP, -0.071695
A21QS27OBPVWTL, -0.071693
ALRZBB393F38U, -0.071693
A1RN11XVHIC4F7, -0.071691
A3F870TB5FED6X, -0.071690
A2776XCRM5VYZY, -0.071690
A18A9JKPZH2HO7, -0.071689
AMSOE225G0OG6, -0.071688
A26T7V72SVDIJJ, -0.071688
A5O4BU663WWN4, -0.071688
AFKALC34URYEY, -0.071687
A3ESX47BVF60LX, -0.071687
A283FOEYW5Q2NK, -0.071687
A1WP7H0MXYV81D, -0.071687
A3BCOMUTI0YDBL, -0.071686
A3AVMSIDJV3LWD, -0.071686
AV97FVTK1KFXI, -0.071686
A23I5KTWELW9XN, -0.071686
AXTYITAKQ81GC, -0.071685
AXZ6BVZ43BVKO, -0.071684
A1AB3XXA6BEIT4, -0.071684
A1Q6NPDQ4OEKBX, -0.071684
A3EY9M1LU56AMI, -0.071684
A84B1KO7074HC, -0.071683
A1MMTCL1JTBR6K, -0.071683
A272QDQPLZNNVV, -0.071683
AI7RXVZ0KRS3I, -0.071683
A3CAC9SWUK3WEA, -0.071683
A2FLG6P1M02MDW, -0.071683
AG8VYDW8FCDIR, -0.071683
A3PVQGDJCOUZD1, -0.071683
A1NQQ2N0GRZGSN, -0.071683
A1GORGFZSLFZRH, -0.071683
A1VB07GBC3OLB5, -0.071683
A20SOJHBIN8L22, -0.071683
A1U029L23OT5KY, -0.071683
AR2WGD3T07EXR, -0.071683
A3DDFG67CTADLU, -0.071683
A4PSED6S1YSPI, -0.071683
A2KA3OSWQIO67I, -0.071683
AJQXALOCJLITB, -0.071683
A278535AIRIJMV, -0.071683
A2XMKG6KFSTB16, -0.071683
A31GENNDY669Z1, -0.071683
A1BIKR7276I3RY, -0.071683
A3I9L8C5HNTVJB, -0.071683
A3KTTW7UVZ8WIA, -0.071683
A2CG5T4H5CB3IO, -0.071681
A1WXO06S5WQUTS, -0.071680
A1CHH7M2J6SHA5, -0.071680
A5D2SF1EMAAB2, -0.071678
A3NM8FRJ8I1TES, -0.071678
AYA7OY6DKYAM6, -0.071677
A2KWAK0GAA8IBW, -0.070367
A1G9J1LJ6K5501, -0.068282
A2MOWQXE6YLA7C, -0.068108
A34A2SK45Q1UAO, -0.066188
A3UBDVOL5UDIIB, -0.066134
A3PJZ8TU8FDQ1K, -0.066059
A1RECBDKHVOJMW, -0.063754
A316RLHHO9Y24T, -0.063717
AHQEJUMCMZGTB, -0.063689
AYWUHB7N8XGZQ, -0.063001
A3D9Q8V4FGLA82, -0.062329
A2L6BT1PVV9YN0, -0.062180
A2BPFPVOWCTKDJ, -0.062054
A2M4U5L2AW8PKF, -0.061826
A2QTSZOFJDM8I7, -0.060528
A1ZPY91VE3IDN1, -0.058964
ARAR3323ICNLF, -0.055226
A2LYRRWF5UZ2WO, -0.055027
A2YIO225BTKVPU, -0.053073
A3NID9D9WMIV01, -0.051875
AENLD33KQ6MJ4, -0.051291
A3LM7UU3BRW5X9, -0.051260
A54LDOK42IASU, -0.050692
A1GVGQGWK8HI03, -0.050666
ASJFXH2AMXARJ, -0.050663
A276CP93GBVM9L, -0.050658
A3CTQNPZO7ZBLP, -0.050658
A3E7354539PAJU, -0.050657
A3PO3YRFX4BI2J, -0.050656
A2HHOVAKYWQDWK, -0.050005
A1VJS5J9RWVQ5K, -0.049730
A3JWUFBEH12B4U, -0.048548
A3T3S48UAVTUE9, -0.046867
AMY0GEV1L69BV, -0.045721
A30L4Y3Y16ZA73, -0.045663
A3IOCPLIMYDBCD, -0.045075
AVJJ2D4G5I0Z4, -0.043858
A1B4MIXYVIKMU2, -0.043495
A28J1BTDYVPKHG, -0.043331
A17IGFR37ISWPL, -0.043323
A15I9CMS42U490, -0.043316
ALBMZQVX4OK18, -0.043312
A35W3JQYP0M655, -0.042916
AY50S2HZHQO2Q, -0.042899
A24ZV048V7J0MT, -0.041093
A218J1WI08045B, -0.040721
AJQDIT55SZ3ZX, -0.039433
A2AVYSXICESSTK, -0.037476
A23V7QUI3SFJTV, -0.037140
A38WAOQVVWOVEY, -0.036374
A348IT6M7H8A67, -0.035587
A3AZI828WJN1CD, -0.034279
A2C9XE9I8RSKNX, -0.034190
AT9U5ZE5OO84C, -0.033807
A1LGREC73TSFOV, -0.033782
A233OPIX0YGN98, -0.033761
A3T4KSOOS8FIU3, -0.033616
A14GCXL7HPG57K, -0.033614
A3SBF7WGVTMD2F, -0.033611
A38STJS73GCEC9, -0.033608
A1W8WQMBRK8J4U, -0.033606
A22I8SLCVGXC5X, -0.033606
A1WBZVB0BQMMJB, -0.033604
A8KPFQKJH0X1L, -0.033603
A2YSX6B2BHR5NF, -0.033602
A3KWE0MDWK5BN7, -0.033601
AQ8WRF7TE5PPS, -0.033601
A2M1CQ98CIXY7L, -0.033601
A27UJX97YF43RR, -0.033599
A3OI5EP7O0FFGN, -0.033597
A1PGIK7B7URO15, -0.033597
A1OXGA8F2SP7PJ, -0.033597
ANEKPEHODQW3R, -0.033597
A16BX5YGVLJEJI, -0.033597
A1MDPS3Q4WMHK2, -0.033596
A1VGHTDOZXOOYP, -0.033595
A1ETW6FN6BJ1PH, -0.033595
A29YZTTKSQ3W2E, -0.033595
A1DFKPWO9HVT1M, -0.033594
A1LUZV4GV5VGRJ, -0.033594
A3Q9WIQGXQOP8U, -0.033594
A33PG4PZ082VD6, -0.033594
A1FPPG4EYZPG9J, -0.033593
A1DIBF2T13FIRP, -0.033593
A1GGE62MH8TT5P, -0.033593
A3DGRDI709BJ4C, -0.033593
A1WBAQ6919P3BW, -0.033593
AR8ETZLTDVJ8P, -0.033593
A1HPTOV8GP10FI, -0.033593
A36CJ8DWTDIYRR, -0.033593
A24YC7UQIJSB2A, -0.033593
AISZOSCBDJOCP, -0.033593
A245YDWC2TI9NM, -0.033592
A3GOEFCWETC23E, -0.033592
AR3W7J6L7HFDJ, -0.033591
A3O6VJS3L852B8, -0.033591
A1WW0DODP4RS8V, -0.033591
AW2V6X7C483BD, -0.033591
A8WWKP4IPMD7, -0.033591
A33WKYJSJOOZRN, -0.033591
A1I5TOJ4Q47YMT, -0.033591
AG3Y5UIIX6IKU, -0.033591
A29Q7KGT4I9LFS, -0.033591
ABTJL6RM42YEI, -0.033591
A21L3P1DFZ3T8I, -0.033591
A2UVPDFQEB8Z9R, -0.033591
A94EJ4NMTPHT0, -0.033591
A3C4CUC139ELX7, -0.033591
AYEUJD35CBU7D, -0.033591
A2ZTQGLCU3LU74, -0.033591
A3AFF7O5DLCW2Z, -0.033591
A3Q85DE02HMDAZ, -0.033591
A3GR1W9KZ62MTJ, -0.033591
A2D3QHRJ26AZ08, -0.033591
AIUQ25LZLYSJR, -0.033591
A2M4IEB226991F, -0.033591
AZXLJE30JHZ0Q, -0.033591
AM2DM87SC3K50, -0.033591
A38JCPML09ZJBF, -0.033591
AO32YS0Y3DNEG, -0.033591
A39FP3XLBS5WDA, -0.033591
A1EX90COGDTVFS, -0.033591
A2T90OFSZ5QVE8, -0.033591
A14R86XDLX34EK, -0.033591
A2BCNCXJYDWP8K, -0.033591
AWNEZ0XD0AA7R, -0.033591
A3CAYGHAY1ELWX, -0.033591
A1SHX777NCRX1C, -0.033591
AR7TPFHPR8VE5, -0.033589
A2ZMQA8Y0X15J6, -0.033589
A10SJ9VQFNFM73, -0.033589
A39A4SK0XWY618, -0.033589
A3L8EWT1CFSPT1, -0.033588
AJTDFI3ETE96O, -0.033588
ANI0YT3A6K2M3, -0.033588
A1RNN3EKXDFHCB, -0.033565
AX04H2SPKO02S, -0.029587
A3QX06FASM6U5, -0.029585
A1BDMSJDPX5MDF, -0.029037
AUCEUTMJBY8MP, -0.027814
AUYT2H281GPNJ, -0.027784
A2KP45DO3RY4RG, -0.027248
AGZKJ1RCAT9Z9, -0.026170
A1C4PZDQ84I9MA, -0.025576
A2YM3KILJ1G0YJ, -0.024490
A1V3T2U0NR30Y6, -0.024471
A2WBH4ZM4J8RDK, -0.024470
A22PUBSSNP54L, -0.021755
A3P1T03UHU5QZB, -0.021224
A2DYSR56EFNYJX, -0.020634
A1FDV3WPOHREY9, -0.019685
A34BZM6S9L7QI4, -0.017670
A1ER5AYS3FQ9O3, -0.014324
AO8F2P769YIA9, -0.013943
ATY5U6SNN1JCB, -0.013941
A1ELW55VCZ1BVB, -0.013939
A1J93EGDYK0IWA, -0.013930
A3JXBZ8F65100O, -0.013005
A1YJMG0QJXZLD4, -0.012713
A1GALZCXD8FHOR, -0.010536
A35Q0RBM3YNQNF, -0.010088
A3UKWQS8SRW6IO, -0.009808
A3UVTS6JPKW0GX, -0.009752
A1W7BIVI3O46Q, -0.009695
A32D3SIQGJX2SV, -0.009693
A26AS80LD679WX, -0.009279
A13K3ZLWAWN1EI, -0.009065
A26A64X86VL1R4, -0.007800
A3IR834T7AROBT, -0.007592
A2HKU4SOT0CWG9, -0.007149
A3R6PI47EF3F83, -0.005923
A1115ST6F5CWYP, -0.005722
ADLVFFE4VBT8, -0.005693
AGTBEWGF0VHHA, -0.004144
A16459DAS8ND87, -0.003048
A1KPALLWZ73M27, -0.002511
A2RR0K877ELVG3, -0.001468
A30YYT2POFVI8H, -0.000103
A3UP5T3NEQ0E5S, -0.000091
A2MGN5UJVWUYII, -0.000071
A123MUWY43NVJ3, -0.000048
AWGO3M6ZI4KKH, -0.000046
A36JM97UIAICZK, -0.000036
AGBCC4D3U4SU, -0.000036
A382WLIS5W6QFD, -0.000032
A1XJ2998CTGERT, -0.000026
A2GS8KE8XNPU01, -0.000024
A3ANHFRO0BMR85, -0.000023
A3GZVOSS2BYK5E, -0.000023
A33V97QLCA3EZA, -0.000021
A3KLTB208G77TH, -0.000020
AHA3EU8E216Z6, -0.000020
A3U0OHLUOOJSC3, -0.000016
A1VD1J1E8JYZ9M, -0.000014
A15NIZLKNOXNZG, -0.000013
A1XN69R2NN4KO4, -0.000011
AMAW5TL27RI3E, -0.000008
ACNGAQSYIWO3W, -0.000006
A1K59FQ0C1SDBM, -0.000006
AI3LZ4PY2FVK, -0.000005
A3B6G4GLIV5MTK, -0.000005
AGBTH6GMRIPRK, -0.000005
A3070ZJOC44FW5, -0.000004
A3LKELHZ584JHG, -0.000004
A2295J7IUFHKBJ, -0.000004
A32Q5HN7RQN6GL, -0.000004
A3NEEBS7GLCMIJ, -0.000003
AOYZ5HQ61TP2D, -0.000003
A1BR3F5XNWIMRP, -0.000003
AZOX2SIK3DV6N, -0.000003
A2LNGVYHQPGULM, -0.000003
AIO89G136TOX5, -0.000003
AO3U2GEI4NSGM, -0.000003
A3QLGEQU6MS8D7, -0.000002
A2MWDJVGV0KATO, -0.000002
AMDWL7KIPD5G2, -0.000002
A1G2G1WHEW02TY, -0.000002
A319KYEIAZ3SON, -0.000002
A37GS73Z3Q6TMY, -0.000002
A3W2EBDIPY8OYE, -0.000002
A2UVNVMHBH4LQ7, -0.000002
A1JADFWTTDPITL, -0.000002
A3TGJGHCBESXFA, -0.000001
A1VG6YYIRDO9W, -0.000001
AT5BP7OVH92WT, -0.000001
A17X8OG3YEZBDJ, -0.000001
A1GI83PGPXAK26, -0.000001
A3SUE09UYSCJ1Q, -0.000001
A303QZQYO5HZ3W, -0.000001
A15W2RHVS7L1D6, -0.000001
A18FVZWJ4RBGNH, -0.000001
AL7LDDJ04Z18Q, -0.000001
A3HQRF30P9UFBL, -0.000001
A3VD7LHZAHL9D5, -0.000001
A3G3M94GHAJPSA, -0.000001
A1EY7TRU6MMH1F, -0.000001
A1CVDDDNDZIUXF, -0.000001
A35R4H6CQEUIWV, -0.000001
A217ZU7TX431H9, -0.000001
A1P9H78GR6GN6H, -0.000000
A1QU1I8G0THMA0, -0.000000
A153G7BHUKCI8Q, -0.000000
A2L23BYEPDQT6M, -0.000000
A2790K9EKR648Q, -0.000000
A1HWGML9OCYCP3, -0.000000
A2IN66QZMBXRCT, -0.000000
A23N8PT6V89SL7, -0.000000
A3U49XASTND0BK, -0.000000
AWFBCO3SYHCDU, -0.000000
A2I5QSVHKLF5XN, -0.000000
A1FCHO6MJVHMN6, -0.000000
A196X5Y1C8FSDW, -0.000000
A2RMLR3PXZG2G9, -0.000000
A30F5RIFPUILT7, -0.000000
A1E60FB859D8I0, -0.000000
A1B6M8AN0RSOWW, -0.000000
A33RYQI4LOARF1, -0.000000
A3L1IKXS8FMF1J, -0.000000
A2BZ8I6N6NNGAC, -0.000000
A2C33BCOGHV8ZG, -0.000000
A1YA0OH6NULV2C, -0.000000
A1YCTGX6A6TPTB, -0.000000
A23PF0J8IKZHKI, -0.000000
AJ6UMAVDAYXG4, -0.000000
A3RYIEKT0DPBWG, -0.000000
A1DZUOV5K6DNOE, -0.000000
A21V2QODUYH7Q8, -0.000000
ACF0C7ROQGC9T, -0.000000
A2WA17DG7P1UU5, -0.000000
A2ZUV1B4BWXKSZ, -0.000000
A3UX6QZBMHQMBD, -0.000000
A382E0TCKN5TKJ, -0.000000
A2FJEDSS97U6FQ, -0.000000
A3VGPIDQFDVLG4, 0.000000
A3J0OXB9KIC5SS, 0.000000
A34IGT75VWLWRK, 0.000000
A3DOPDVABCYOBF, 0.000000
AZ9QKY75KO9NW, 0.000000
A3D8YWC5M2MDV, 0.000000
A2PXLY4RJN3N4L, 0.000000
A2B9PC1MG8IVFE, 0.000000
AOXT1R95GXUKS, 0.000000
A288V3U2VACS1W, 0.000000
A3N8FQIB7MLVGD, 0.000000
A3SO3Q36EC3LJO, 0.000000
A1A0UP9WW8UDDV, 0.000000
A6IPFHDZ6L6QA, 0.000000
A3TVJ0KLN97OHU, 0.000000
A1GQGYROVZVW49, 0.000000
A1A65I19WWJT12, 0.000000
A2SIAII5UIJMPE, 0.000000
A1CPOJQATL4F1Q, 0.000000
A12IK7V7UQJSJR, 0.000000
A3U26BJ7JM24OR, 0.000000
ABXSD4BQPXYZ7, 0.000000
AF7N69P6NYZB0, 0.000000
A1KZ8KEBD4FONY, 0.000000
A14KF2FEEDGNZ9, 0.000000
A3RD5YZ4LQ9T09, 0.000000
AANQHZLEOYPZW, 0.000000
A3U282TBAL40C5, 0.000000
AQGPU024J69ZV, 0.000000
A1FZ07KUSFGJHZ, 0.000000
#oc-R3HMF6ODAC2R4, 0.000000
A31W8FU7NLL4ZF, 0.000000
A1QB2Y8GSME58Y, 0.000000
A3CVXR5H2PCWW1, 0.000000
A2MHH4FWA6B6FV, 0.000000
A2AGN90V9OIZB3, 0.000000
AIS5E4AT749TT, 0.000000
A2AHJFRKTRPELY, 0.000000
A3K866GG5P9OBE, 0.000000
A3K5VCMJQXFACG, 0.000000
A36C9DYRKYZI3C, 0.000000
A2HADFGH442QE7, 0.000000
A3NGKY50YIK8VQ, 0.000000
A33NFTZQ9JXUO1, 0.000000
A1BUQFI9H7CKTD, 0.000000
A36W2QCMYHOJNP, 0.000000
AQNLYAL5S0JXE, 0.000000
ASVV098DW36KR, 0.000000
A3260JI5EH8K9K, 0.000000
AJL7IRFHBPVTB, 0.000000
ASTKE3NLOONRC, 0.000000
A3Q6PQXLSALUNL, 0.000000
AV03AG7NZN5P8, 0.000000
A2FLP1M2MP0NYK, 0.000000
A10TCTBUQRY3RC, 0.000000
A31RUYXY50FDYG, 0.000000
A2RK3LRI7VKKCF, 0.000000
A3VZITD02OQCC4, 0.000000
A20G52WOH7Y5M8, 0.000000
ASFJUWKRT16VF, 0.000000
A9GCVCVO0DLHL, 0.000000
AMEI4V56ZKRH6, 0.000000
A1RCLICH0OO12, 0.000000
A35SWR34V2DW13, 0.000003
A2FHKY2I3EQHPK, 0.000004
A1Q6LLF1BDIP98, 0.000004
A2CN1P6JJ7J3JH, 0.000004
A9PC5HJNGD22D, 0.000004
A1J92I2HPUPAXT, 0.002432
A3N8RB943DMSH7, 0.002442
A9PKYI8B9V9VB, 0.002583
A2YKWYC3WQJX5J, 0.002958
A25C2M3QF9G7OQ, 0.003601
A2LSBXARAF7OOX, 0.005398
A1PBNQNVVDECNW, 0.006781
A17JVVAKWEB0M, 0.006785
A13R044K5G5TGG, 0.006787
A1BHO1VYDTTX1, 0.006789
AH6P5QSUQ89JC, 0.006789
A2FFOEFUUQ0NTW, 0.006791
A1IT2GZS6N1Q4J, 0.006791
A2HN943685953U, 0.006792
A1B2HCS03AC5DT, 0.006804
A2KUUWP4ZZMOBP, 0.007412
AFAPAQFCEYVNT, 0.007892
A3PU5ECUMTNV9P, 0.008547
A3K0YGF422W6GK, 0.008563
A3P3U42S4A2YHQ, 0.008587
ANCA2DJU6I6D7, 0.008609
AO1HIVTUCQZQ2, 0.008624
A3J56VQ11MKTJT, 0.008817
A2CLDRW7GVDOZ1, 0.011335
A2YWRWSLEJRM92, 0.015534
A1S52XH2CS4Y26, 0.017580
A2FV5YQV866PVF, 0.018223
A3NTWDBZUS2ZQK, 0.019685
ASJLXOX1VD4DF, 0.020957
A1TULPQCXFXAE2, 0.021314
A3OGSHIDBLCU3G, 0.021325
A1RLGLP70NMFYC, 0.021325
A37I6B2ZCDFIQX, 0.021328
A2Z4SALHGEO62C, 0.021331
A11V1NUWQTX5KG, 0.021332
A28J3123I1QDKI, 0.021332
A2IJ7JFHB94EKX, 0.021333
A2ZE06ZI0MF71C, 0.021335
A34KO3JNKTZU6Y, 0.023538
AORGKBNQZ83O8, 0.024081
A3MIMSBVMYPU05, 0.025379
A3BVN2QBNPBHCR, 0.025388
A9SJ5ZT9924DB, 0.026359
A2N56Z6B6HV1O2, 0.026368
A10IMQHW2O2EO, 0.026392
ABAHKMFEHT8K1, 0.027678
AMX0PJKV4PPNJ, 0.028818
A3MQ672FYFNM7B, 0.031627
A33AQPJYH7UUXR, 0.032107
A29IPF6KF8D5YW, 0.032654
A21VGNU5959O85, 0.032972
A16I6WJUEBJ1C3, 0.034738
A3NKSVKXMM5I4T, 0.035911
A3CF21PXZHTEDJ, 0.036983
A35BSF26M75AR2, 0.037133
ALNFHVS3SC4FV, 0.038692
A997MBOWKWGRJ, 0.040765
ADDDFVHP3CSVA, 0.042854
A1H4NF2OI9P8P7, 0.043018
A14RB3WBO7RGCF, 0.043269
A1H98XOZZDAAGL, 0.043311
A27NMQL6AD7D13, 0.043313
AFZVLC07XD0M7, 0.043317
A2I6VAIAGS3KYM, 0.043317
AO948VPP2SMJ6, 0.043317
A3FYSIKTS8ODIG, 0.043317
A3JHZ1O0CWREE2, 0.043318
A1C8RYQYYQAPA3, 0.043318
A3RCDQEGJRTEY4, 0.043319
AAUV4LG59M8JT, 0.043319
A3ES3MNTQFVTYY, 0.043319
A361LFHSJ9G09G, 0.043319
AII0BS4SHLJYR, 0.043320
A35CSDXCHC44SY, 0.043320
ADEY0TI1X6H05, 0.043320
A1Y5YNG8ES5IJA, 0.043320
A1P481H13Z45HY, 0.043320
A3V5O2TROCIJU9, 0.043321
A2JBDB9XE2A3GS, 0.043321
A29M9GR4I6QKJ, 0.043321
A37I5TT80YOCMF, 0.043321
A2X96RSSCVYKCR, 0.043321
A2V0387TN0IQW1, 0.043321
A1JD2GXVKK2VCW, 0.043321
AM917OVTQ63WK, 0.043321
A19Y3BY1604WBW, 0.043321
A1NZ0E5CLJ5141, 0.043321
A3LV10XVH0NFBA, 0.043565
A3HM6NU94LDALK, 0.043771
A2G95XU4Z814XG, 0.043775
A7GXT5V1VL5UT, 0.043800
AC7HVVJVLORTQ, 0.043800
A3DRCZFQNCC4LW, 0.043904
AF7KVFTGUBK98, 0.044196
A1QSS9BLNW3RQ4, 0.044269
AU71C61OLQPG, 0.044277
A12D1W27AMNG7O, 0.044277
A1YR1PZNFVRFZG, 0.044280
A3VNHKZYCO45X7, 0.044285
A120JZI582VFIU, 0.044321
AK7CAW3N1XZV6, 0.047463
A2NAZ6EX7YIA7N, 0.048032
A1ZQI0ZOZ2AON9, 0.051078
A1804Z5697O7SX, 0.051658
A3BKNXX8QFIXIV, 0.051717
A23GFTVIETX7DS, 0.052819
A2WE93LJX8PMT1, 0.054812
A2KIVODZRTGY4U, 0.055043
A22Z9R91N8L7IQ, 0.055246
A6KL17KKN0A5L, 0.055597
A35X2JJI49OBZP, 0.056181
A16Q1LYIDE2WDZ, 0.057973
A2EP2LABE0UQTY, 0.059784
A101EVFXW8G49L, 0.060534
A2IAHIO9LCK1VO, 0.062497
AK0CENM3LUM28, 0.062534
ARQPQ8LF5NTEZ, 0.062548
AUABJ7HTC0CLK, 0.064228
AH8NYD41MAT61, 0.064237
A2BMFOZSEXR9OT, 0.064246
A37GFKV81AL1VF, 0.064382
A13S959ZBAOU53, 0.065411
A1G6Q2NQMJ2C3X, 0.066196
A2BJTZ5JZHAJ9B, 0.067317
A1PBO90FMY86D6, 0.068777
A1B05INWIDZ74O, 0.068782
A1RA68NKGP5LK6, 0.072360
A2211XUAO701D7, 0.072469
A1VDFN0CLOAT1T, 0.075258
A21NG6I8DONST8, 0.075264
A3RYMO6S22FMM5, 0.075896
AF9J0OKO8HAQ0, 0.076248
A29B2WW3SIG9BZ, 0.076250
A10WADJPSC3KG3, 0.076251
A2U8CXFE06D663, 0.076251
AKYYV4PLEJRJJ, 0.076253
A2ESJXC3CL14WC, 0.076254
A2UJ1ER66OL2YL, 0.076255
A1DB5QPH7WO488, 0.076255
A106LXLCVW4Q3R, 0.076256
A1EWX4CMJ7D7KX, 0.076256
AF0SQAE3XWU8B, 0.076256
A3CHMZH97MKWKX, 0.076259
A1QQMZNOXGQFPJ, 0.076919
A1Y82GMMVWQHIZ, 0.077666
A2Y8IDC1FKGNJC, 0.078496
A3GTNVV1IM8KVE, 0.082317
A169G2DYSGDBEL, 0.082321
A1385FE19O0301, 0.082359
ACAIEIV03NBHY, 0.084217
A1N5FSCYN4796F, 0.086041
A3BLEFSUUIM3HD, 0.086627
AXPXRVIJ0MCIF, 0.086634
A2A0QX3Z3WTU8C, 0.086639
A2AB39AEECUTEC, 0.086639
A12ZACETZQRA2J, 0.086640
A1HI4GHMPIQ5YY, 0.086640
AC5HDVL4R1HPT, 0.086640
A1JUGIQDY6UYSM, 0.086640
A33XGXSC6K5VWQ, 0.086641
A2FEG0BD3XF941, 0.086641
A3OFI0WHI6XW32, 0.086641
A2UEPC8TKR5YX7, 0.086641
A3UTK9FHYS23EW, 0.086642
A3RLS30LZ10PK9, 0.086642
A2T9LO1LA6VC4W, 0.086642
A1EVH75X40MMFD, 0.086642
A2IGRTQZXLRTS7, 0.086642
AYFRMAYV4RZ6V, 0.086642
A15F59VG746QRI, 0.086642
A22CQ3Z0O0YIYW, 0.086642
A28L0ZAAPBFCNQ, 0.086642
#oc-R2CIG5JYXHVPEE, 0.086642
AVQ6NL84RH3WS, 0.086642
A3O754Z8KZDYRF, 0.086642
A3VQ9K1V0Z76I1, 0.086642
A1B226ZPOE0KSZ, 0.086642
A2E3SQ2J7AB0JL, 0.086642
A2AQ2JKS7NTGQT, 0.086642
A2J5MKMYFKO0ZB, 0.086646
A3S83AZ6OEY0YX, 0.086646
A2W9I628I6SE1U, 0.086841
A1MFG9E45RX5OW, 0.087094
A1EE6LQS3OPY6R, 0.087917
A3QWPNDJ7ET7BL, 0.088447
AAG231B9RSSIN, 0.088621
A1TCSC0YWT82Q0, 0.088641
AE1EJCOW4WD9N, 0.088667
A2L01339XV496V, 0.088893
A3F3B1JPACN215, 0.090532
AC64J76R8B1M9, 0.090877
A27DYAY3FUWIZ8, 0.090884
A85V7EAHDOMA4, 0.090887
A23LDHA1Z0BR7R, 0.091241
AVPNQUVZWMDSX, 0.092175
A33PVCHCQ2BTN0, 0.093389
A2DB720I9XRX7K, 0.094949
A1SCD2NYTIAQTY, 0.095221
AKY1HGHJYUQE8, 0.096725
A35BVGH5X6Z4QH, 0.097068
A1FP5ZLSKR07SU, 0.097673
A2BPBHC8ZSELQ9, 0.098231
A30LV0VEB95V51, 0.098246
A1V81ZAUGS0LE3, 0.098284
A2SRB4GMY8I8X7, 0.099472
A7YMD8MSOBO1I, 0.099790
A26X7W5UM5QFT4, 0.100666
A3FFBY7ISC4LHR, 0.101219
A1Y5WZCPXT76F, 0.101363
A2R9FBLLQRSRLX, 0.101532
AEQOHG2V96PYI, 0.101538
AFVF6MM3UN44N, 0.101540
AIOPIWA4Q6GAJ, 0.101541
A2BBSKYUOY02V0, 0.101548
A3FU9DEQK8GFJM, 0.101548
A1R4FNCN368HJ8, 0.101714
A1A3VXAK3HR6U6, 0.103197
A276BKCK4ZE7EW, 0.104096
A1F1A0QQP2XVH5, 0.104382
A37PV5GMP2ILJC, 0.104744
A3RGPBC7HZA8V4, 0.105039
AJD41FBJD9010, 0.106090
A1FWFCJU2G7TRA, 0.107583
A3D0HMC6RQT0N0, 0.108250
A9101KNY0S3H2, 0.109675
A1LFSTBR7L7PUT, 0.110003
A37MBQ4ZMVJ8YZ, 0.110537
A2FRFAQCWZJT3Q, 0.111404
A657G6UZGX5H1, 0.112454
AUTBHG6070SL4, 0.115814
AA30KAI4RI6AT, 0.117313
A3RPL2RYFV2HVZ, 0.118883
ASDCYQT0UQ1ZF, 0.119145
A13J57AACBVI5I, 0.119796
A4DTM6B4IBYQX, 0.120175
AK8LOFYRZJJW0, 0.121227
A1UE15X3SNLJ57, 0.121573
A1PW5K0ECIPQAC, 0.121641
A3Q06OYFE777GF, 0.121642
A9QNCVYL8P4KU, 0.121645
A3QMCG66BWN1TZ, 0.121657
A3D0J18LY62I06, 0.121672
A2SUWSNZP5OJ7T, 0.121676
A1GB6K7PQA8DN5, 0.121681
AOVTW977JK338, 0.121684
A1PR7UDVQ8QSFF, 0.121684
AM45SEDUILCHI, 0.121684
AYQWQ83PPCX3O, 0.121686
A2ZA3ORIX6Q481, 0.121687
A3FIBCSCXXZ38G, 0.121688
A3N4CANP6C186O, 0.121690
A3OQFWMCMYYO4M, 0.121691
A1X37RPYOJLQXS, 0.121691
A1WI1745ODFQBQ, 0.121691
A12Y2YEYK7VZSW, 0.121691
AC57NCZZMO67O, 0.121691
A1SQ7NX5805BXU, 0.121691
A14QF5DLFBPCF8, 0.121704
A4LSU7HVACTB5, 0.121705
A3NIA27T3QOFOV, 0.121708
AEAMYMY5HS324, 0.121708
A1QWO0D7H7PNZ8, 0.121994
A1RG4WKNMPYS4X, 0.122324
A2RLOCANTPCCU2, 0.125102
A2U84A32KQTVL2, 0.125109
A2RMVKGPSIISC0, 0.125135
AQDKKTFH5XREM, 0.125139
A3OJODCRBTTF51, 0.125185
A3PXM0NZ53P4F8, 0.126354
A3D9LM07P8CXI, 0.128223
A1PIFI7VXW78ZA, 0.129895
A2UDYS4SVS4AEI, 0.129922
A1LIV9QXL6YEU8, 0.129938
A29SYPOZZ0VNRD, 0.129958
A1EBJF0JQWR90D, 0.129958
A38PKDBSWYKHPJ, 0.129959
A5A6V9TKED7Q9, 0.129961
A3RRK87S2Q33AC, 0.129961
A1CN8DMXIH3WDR, 0.129962
A1ED81AG0VYT14, 0.129962
ABNRAEI4ND17T, 0.129962
A68K30RGRHF05, 0.129962
AMM8G478DBDYH, 0.129962
A2PUZT24SWP7JB, 0.129962
A2I07IKWUM2UFF, 0.129963
A1K5BXQZFQ2BH5, 0.129963
A1VCOTDOS8WDWZ, 0.129963
A2ZLKFEFBFG6CT, 0.129963
A238V1XTSK9NFE, 0.129963
A2OH3FUSQ6P0KL, 0.129963
A19VVEHTYQT3DM, 0.129963
A235ZASPKBRZNG, 0.129963
A16NBAJPDXDG1G, 0.129963
A2R1PS40MI7Q9T, 0.129963
A26E561S8NAVKL, 0.129963
A22EMROFINDFI8, 0.129963
A2QGT6QB2YVGMT, 0.129963
A2TF33I76SF0ZK, 0.129963
A3MVSYT5R5CHV5, 0.129963
A3AVZFYNP9PHMG, 0.129963
A2K5BNVW2P3F5L, 0.129963
A2CKJTLNXP40L3, 0.129963
ABEXK4W0JNE6M, 0.129963
A3T9IWP077MAP2, 0.129963
A12K79HZGK3XQV, 0.129965
A1E7FNP7WZKPA3, 0.129967
A1C2Y9U7KX0ZC0, 0.131162
A5UBMK0DCCD7G, 0.131176
A409DXV0CIVRP, 0.131177
A3KTISKYS55LQ7, 0.131177
A10Z2MHXWP9YWJ, 0.131177
A3OVGORKGD7BQ6, 0.131179
A1FDKM561MUQJM, 0.131180
A3KIP9MC041DGZ, 0.131180
A1698Y18IW609N, 0.131183
A2V4XUYMIMMT3S, 0.131184
A3UJRNI8UR4871, 0.131947
A3PZ4AXTY9J1DZ, 0.131954
A1DN8OM1DDSFUC, 0.132021
A32WS1SQTDYYO, 0.132043
AVUR4EQOXEV10, 0.132250
A17UR3NRLARXCH, 0.132708
A1C2GFOPBDFM8L, 0.133685
A389KK46AH771B, 0.134093
AER05ICVO0ECJ, 0.136525
A1Y2958GEGZB0G, 0.136526
A3TPP7AD8TO6A, 0.138212
A2HJCM2R7DSN8B, 0.138216
AX9QZGAJOZ96O, 0.138245
A2O5CCUSFNMBDB, 0.138268
A13BBPU9UBQXDR, 0.138269
A2KZ7L4OATB5V2, 0.138270
A3OAYBV9IQV33C, 0.138270
AO6735APC3YAJ, 0.138271
A1U3SYIJ2RRBDG, 0.138274
A1UF2ALNA3YHEW, 0.138292
A39I6D8FJU0C4R, 0.138780
A3UHFQT4E3R2D3, 0.139227
A3DWGIDZUA8PE7, 0.139350
A1DB4U8ISVULVE, 0.139979
A1VQBEW0G4IH1J, 0.140191
A357B3PUHSVQA, 0.140616
A1S2RLVMEVPXWL, 0.142231
A34KXKL8AA6ZY4, 0.143590
AEWYUPCNDV7HY, 0.145981
A325RWA8LHK2QJ, 0.146206
A1L20MX19ZMNW5, 0.146902
APX38OL5RONWA, 0.146931
A3KZCNV1N8R9GC, 0.147955
A7EK88GF8N40F, 0.148847
A2ZSC81MXLBELX, 0.149013
ASBLUZWS98EM2, 0.149215
A346XW97VHQG45, 0.151733
A1BIPJK03QKFQA, 0.152081
A1L3CV746WEEFY, 0.152270
A20JDDCXOB7LOA, 0.152281
AJWLEZHZ4GZBA, 0.152282
A2INYBYIGCBU9T, 0.152286
A94HQKQR8IZF1, 0.152292
A1VBG5L6U6YTGY, 0.152665
A2KS3MVX1PVEHP, 0.152891
A2OL5WLCNZVD9K, 0.156402
A3IDT9839HY6Y0, 0.158985
A7WEPZL9UYZML, 0.159244
AU3GYRAKBUAEU, 0.159252
A21NX7DZP4PIQC, 0.159276
A1D0IFZY85PFU, 0.159284
A2IB37ILZAEBDV, 0.159298
AMQAR4BE69OD7, 0.159358
A313H6238N589, 0.161809
A12ENBT314RFXR, 0.163072
A3MTL8TQ6OUA2T, 0.163158
A3V6Z4RCDGRC44, 0.164185
A2PLNZAU8JVI80, 0.164327
AOA8FL94KQ6XP, 0.164368
ASQ7OEET37OZQ, 0.164385
A1E7PX99QBET2V, 0.164385
A3NTV9VHMBY1KH, 0.164385
A2A008V39X3J0K, 0.164418
A36UA434L423AU, 0.164419
A2EF1KIQ7TMPPF, 0.164430
A1A9PD00UVHHVI, 0.164647
A3Q7C0V12LS2WF, 0.164803
A33BMBIWJMMDDP, 0.165111
A35JP8KSV9281K, 0.166547
A2YSFKX18XTHED, 0.170149
A2NTOF08VRE1N7, 0.171538
A13Q6H52XULPYL, 0.172061
A9RTRKZM3IEOY, 0.173141
AMZWWP4LFT932, 0.173188
A347XJQ184KKXU, 0.173193
A2KXRMLVN693R6, 0.173237
A2M3V7P6G9DC7K, 0.173238
A2USQQRRGS81TS, 0.173254
A3I04CV7GN9VJW, 0.173262
A2281IK7K4MRMY, 0.173268
A35WLE6KYWV23S, 0.173269
A31B4C4LMC5MMX, 0.173271
A2CCIGETPKOEH0, 0.173271
A39V58FWGFF7X8, 0.173272
AFKP2U4TJJE0R, 0.173273
A3A57JYKU82ZRW, 0.173276
A2F66WDN8IO18N, 0.173276
A1OEQY76OJ3STI, 0.173276
AGICQ6RU5LFDB, 0.173276
A1JEZHC7537JO4, 0.173277
A12V63IUGJIH47, 0.173277
A1QWQC4BA1RXAH, 0.173277
A1TE85RPUZS1Q6, 0.173277
ACVG9KKQKTC3F, 0.173278
AJBLHKK8S25HQ, 0.173279
A1OQYQ5YUZP65F, 0.173280
A2V74GKASN2U2L, 0.173280
A23Z9F21VMHLN6, 0.173280
A1QPTA9DJD8OIU, 0.173281
A2IVO6H30VNC25, 0.173281
A2NPMFYIJ1J7XS, 0.173281
A1SZJQFD8ECPSX, 0.173281
A33IFA57ZYAA48, 0.173281
APQ50DQHSNYFR, 0.173282
A2YUIWAG8GIXHO, 0.173282
A21Q5YZFQQ62YG, 0.173282
A292UBQX322O0C, 0.173282
A2NPZXSBKKC5JZ, 0.173283
A3D7PRFA3U2KE5, 0.173283
A1S6NTXQN2VB49, 0.173283
A1K9I34SS9F2OS, 0.173283
A35AO17K502IOK, 0.173283
A1PUM736GQ441P, 0.173283
AATPGOYD5QJK1, 0.173283
A2GN0U34RO12FV, 0.173283
APDJAP3RELMS5, 0.173283
A2X11CHNOPES2V, 0.173283
A2WJ1V4LK1578Q, 0.173283
A3157CLF9IZGRL, 0.173283
A2ADMKAMXLOQ6J, 0.173283
A1V63QX9C0A0OQ, 0.173284
A38TG4C4RZCIF6, 0.173284
A32PW3Z8XYOZUM, 0.173284
AUHY32O2O6KH6, 0.173284
A204WOS4OMHO5X, 0.173284
A8X0LK83DLNRS, 0.173284
A2HFSOXH3B2DJ4, 0.173284
A1F03GQAHBFVGU, 0.173284
A3G0Y43S59MOKK, 0.173284
A2GCXTM1C11I1A, 0.173284
A3CB3HZWUA79LS, 0.173284
A1YE12IMVT18HV, 0.173284
AEHE32JEKAQGP, 0.173284
A3HBRT8DQTUBHP, 0.173284
A3UKAN3SJYZCQ3, 0.173284
AWM5B3D43RYM0, 0.173284
A3GJ6WIPLK9LG1, 0.173284
A3D0OTL9OYYHFT, 0.173284
A7Y17YMF0AUVK, 0.173284
A1ZMF11YKBEE2T, 0.173284
A3TX1OZ9LZWUEK, 0.173284
A2YQR3A1S9A571, 0.173284
AZLZKIKS2802U, 0.173284
AACKAWVXFJ2WT, 0.173284
A3CLV8BZ7M6ULS, 0.173284
A1H6VW0W3UIK0K, 0.173284
A1M2ZUUDE40BW5, 0.173284
A10VQ6Y9E4W4Z5, 0.173284
AAG0HBBZJRSL0, 0.173284
AJNA11W35E98V, 0.173284
A2ED4B451YNIRG, 0.173284
A2Q59LT13UUKJT, 0.173284
APIPGYIZSRANK, 0.173284
A3B5NIIK4WM4WW, 0.173284
A24T5MHFK3R9RN, 0.173284
A2IPRZR0WITRUU, 0.173284
A38RDCFKZPQQKX, 0.173284
A2LY8NNOJMI1CF, 0.173284
A33CRWMJAS4VG8, 0.173284
A14LNO0XY4GMJB, 0.173284
AF11JACGL9RF4, 0.173284
AIWK0RD1DWYYK, 0.173284
A2RNRJVIS41K44, 0.173284
A1XFF11MZPQ04T, 0.173284
A35DWKG9MP67S2, 0.173284
A3MJH3PO94E6GW, 0.173284
A1KKA5DHVROB7I, 0.173288
A11W2ZN3VGJOAR, 0.174993
A3SSVI14J5S3UJ, 0.174996
A3BZGLRF3SLIC1, 0.175830
A3QSICQPSXHXOL, 0.176309
A2RME4353Y911C, 0.177758
A1I85Y08VRZ32Q, 0.178537
AET3795YBJZWY, 0.179138
A282LQJZ5ROYS9, 0.179138
A3RFCLYJJI46KT, 0.179442
A1D6MIWDTV4XO1, 0.180933
A13QM0HT6VXHL5, 0.181099
A3DZ3P2OCK2Y6E, 0.184415
AZR55JSEMWB76, 0.184445
AAD53V45KF2VL, 0.184453
A1PCB6OXKWKLBL, 0.184460
A17MRB5QEHV7ZX, 0.184483
A3QC4TGOGUL1M5, 0.184513
A8P8KPVXCWV9R, 0.185141
A1ZZBAHWGTNMAD, 0.185215
A1W9BEDOALOB13, 0.186061
A16OSI6MRANO0D, 0.186072
A2XPDQ3CMATK67, 0.186083
A1PJEAN52CCM9Y, 0.186084
A2MXPIUZYSVHBP, 0.186089
AR00NS8HUD13Y, 0.186095
A1E1WOZ3SC3O42, 0.186096
A1KF7Y8PRJEIO9, 0.186101
A1J5AQJ940OAPH, 0.186101
A15OKXTGDML5MJ, 0.186103
A2RKTYBWHIUD02, 0.186103
A39V22BIBUMMB3, 0.186103
A3I3FYY5N3777A, 0.186103
A2LXW6XUS5UIGN, 0.186103
A1VRK6CZDH1U56, 0.186103
AH5CQ8TKUURI7, 0.186103
A17CZLR2CM1XIQ, 0.186103
A3N1GMN95DB291, 0.186103
AS19P0HN94DC8, 0.186103
A17IYRLGMHE2RI, 0.186103
A2AUCC67RHKO50, 0.186104
A1VO7J0P1W3QRI, 0.186108
A30WYAYMNV6949, 0.186114
A2P8NDUXS2ZHLT, 0.186152
A294XIDCE087BB, 0.187116
AYGJ96W5KQMUJ, 0.187901
AY1EF0GOH80EK, 0.187991
AX3M0765KGH6P, 0.192920
A2XN14YWLGTW35, 0.192978
AVE9KNJYJDESB, 0.192983
A204G7E13UW2B0, 0.193412
A2N8MS8WCFRJVQ, 0.194133
A3CV7TZLXQGWA8, 0.194187
A3AOF4C0MXEQSP, 0.194437
A2XKJ1KX6XUHYP, 0.194567
A37RIRXE3WECZ, 0.195046
A33DKGANHQJSXC, 0.196776
A3US2P9OJBOIQD, 0.197810
A3BBC8E7QT7N9I, 0.197997
AEC90GPFKLAAW, 0.198770
AWPN47SSWK1JV, 0.200208
A3AHDR4F2J7YXX, 0.200409
ADZ1E2SYWSG99, 0.200723
ANY74IVWZPZ3, 0.200932
A1L91NLNUQSOEW, 0.202097
A1ODOGXEYECQQ8, 0.202291
A2KQN0OAJJ1AZL, 0.206232
A3DWO2POFW0JDN, 0.206278
A1WGH8V8P9R15A, 0.206317
A2YSA6RZMKD9LC, 0.207349
A3FC5Y7XCEEOXY, 0.207533
A1OL7EP0ELWZXS, 0.207813
AHVASC86C9VPS, 0.212210
A6FIAB28IS79, 0.214267
AZRJH4JFB59VC, 0.214333
A1WOMXOEX90ARI, 0.215479
A1E7G56OX03JKO, 0.216349
AEPEDQPMVQUUR, 0.216965
A1P3Z1ROTZSX4, 0.217011
A1LK7DNXQRYMDN, 0.217036
A3I4MWNLA68W2I, 0.220411
A2VH0UT5EQFB6P, 0.221434
A5CR6GP49HVEE, 0.223370
A3R4IKZLURBKKD, 0.224503
A1O626RCX1G3J0, 0.224857
A2CPAJT5GV9C7Y, 0.226035
A1W8IGU2BRLUB5, 0.226080
A2X2WTEVCZ5L8N, 0.227221
AAVXLDJPBOJBW, 0.231351
A1ZSF5CJ0A4CIO, 0.231447
A2SN1C0KVT7K4K, 0.231882
AP2NX17IS4661, 0.232338
AATQJWMI88ZP6, 0.233059
A13MKSASQ6YWL7, 0.234054
A204QN2VRUQA9B, 0.234440
A3L037WZ6NH1X5, 0.236364
A1VJ5NI12T31HD, 0.236364
A2WW57XX2UVLM6, 0.238752
A9P9JJIXYV0XS, 0.241008
A2P43DD706FD0E, 0.241018
A2LK3Y6Z0T2QHJ, 0.241020
AFZILYQ3IMG9G, 0.241021
AB7RCOOIQH8NS, 0.241025
A1GEPBQYM2D842, 0.241026
A1FN85PRKY2BX4, 0.241029
A3EERJGK0VGUM7, 0.241052
AALIINL2LPJEL, 0.242702
A1RLP0R1N8H8C4, 0.244356
A19SDJ2TSSL8HI, 0.244492
A353U0L2HAMSHV, 0.247099
A1I2ZRRN2XVVCD, 0.248419
A1UQBFCERIP7VJ, 0.249289
AUBJ799D34OPD, 0.250154
A29D2F7YZ2AI3, 0.250156
A3I49HMI4LV6HU, 0.250169
A23JS83P6DI6OE, 0.250169
A2VG3F7CA6O9QZ, 0.250188
A349T3U8Y2A6, 0.250440
ASHE15M0G2YJD, 0.250469
A2VW4FYZILSXF2, 0.250661
AMZCZBK1EF1PV, 0.253345
A2NX6MFZP8TM6S, 0.255473
A2Q2A6JKY95RTP, 0.255477
A3QNQQKJTL76H0, 0.256872
A1JOANG98KBFKU, 0.257506
A2YCEKVUN1W5F1, 0.258153
A2XAKGRUHIE2ZA, 0.258977
A6VPK7X53QNAQ, 0.260267
ABK2RVDJPL8MF, 0.260274
A1RH1D58EN35EX, 0.260279
A369IQZ3J2ZSI7, 0.260286
A1WX42M589VAMQ, 0.264352
AW6J9IILGOZY3, 0.268075
A3B3F8S3RWQ4XI, 0.268160
A1YV4U8304IQ, 0.268174
A375TGHILH9W68, 0.268225
A1WT4C5BZHW8KV, 0.268227
AFDNACPVKXXPZ, 0.268331
ARXU3FESTWMJJ, 0.268559
A3DPQLR4M6INKH, 0.268618
ANKQGTXHREOI5, 0.268646
A70NFM6KHU24F, 0.271027
A2PNOU7NXB1JE4, 0.271891
A28DNJJ11VXFDW, 0.272358
A3IMO49QD6OYKN, 0.272361
A1Y39T2CT36YL0, 0.274064
A3NMA7RSO2HMBG, 0.274501
AE29A0NN7V5I0, 0.274637
A1LEWAOY8SPN9C, 0.274645
A1WM1CF74CQAMD, 0.274728
A3AATF9L2UGZ2K, 0.274741
A36R3I1E6172XG, 0.274751
A2F81CEQZ4V1Q4, 0.274768
A3RO1J2XJYDG0R, 0.274773
A3BWJUI2NCO409, 0.274775
A1K61W5X2R7N55, 0.274775
A1CE0IHO5LSNGN, 0.274776
A1DW04TEDV8BXQ, 0.274778
A914A2LHN8BJI, 0.274779
A3525L1EANL3TQ, 0.274779
A3EVQC1H6XTKWS, 0.274779
A3GSBZDE4Z7AGP, 0.274780
A22S7D0LP8GRDH, 0.275158
A15DF0V80C6M8T, 0.275680
A11OTLEDSW8ZXD, 0.277415
AHN86VFJIJ2JP, 0.282692
A3EFSLEMHNPP6A, 0.284328
A12XDEMP7PQPDT, 0.285053
A3BFDEBT5IV4UN, 0.289428
A365Q3QLU40Y0E, 0.290192
AVR3F6VQYIMZW, 0.293078
AMN1A6XXVLNK2, 0.294033
A1HGXLP6WATS4B, 0.295542
A3C5YHTV72WYJY, 0.295942
A3CQ7URWQ1FX9L, 0.295943
AFKU54VTOF81V, 0.295949
A3FG0C4PZQGQAK, 0.295949
A2GQ7GU0LEQDNF, 0.295950
A39LPOSC0LDZWE, 0.295951
AE9ZPX6BDW803, 0.295951
A2WVF9ZQ068DN0, 0.297846
A2SNDYGHDCJXLE, 0.301408
A15GDVKMYRUPRC, 0.302321
A221I9R7I92ORO, 0.305726
API5JLBRT6FIN, 0.305751
A1Z4PPP3SZ50C8, 0.306096
A3H1Y72CU3O9O0, 0.306112
A2XRRDO1V4AMEP, 0.306117
A3MCIDR343EMRP, 0.306119
A5P0G326AZ58X, 0.306142
A35LT14WG5BX0T, 0.307122
A11ED8O95W2103, 0.307181
A10H24TDLK2VDP, 0.310999
A10PEXB6XAQ5XF, 0.312998
A1ZK5P0EOE727F, 0.313891
A24HWYHR28JJ7A, 0.314282
APCDN1JK6B81P, 0.317342
AVZ1SYMD26S4R, 0.318813
A13NSUJ2BDIFAC, 0.319457
A88WK54WGJ15T, 0.319784
A2EDZE5T2P2U7T, 0.320150
A21T1TDO74WNTM, 0.320160
A1M9126YPQPS3L, 0.320198
A13T0V3LHOTHDL, 0.320643
A2B8GXSCB1R05T, 0.320786
A1RTSGY2749P9Z, 0.325440
A331T1MEPUCBYV, 0.326072
A3LQS08K2OBI5Z, 0.326800
A3P3J6QFE7K230, 0.327348
A37Z843SR49K8P, 0.328059
A3VX9G8YEOD2XO, 0.328161
AF51KJB3W1YI6, 0.328256
AGKR2TF00A5OD, 0.329555
A2MSQNPTNAAGL1, 0.330311
A10G4BPT5MGBHY, 0.331091
A3VS66YC7IXCC2, 0.331130
A2N11YPX95JSST, 0.331368
A21INUA35HX4XQ, 0.332190
A2UCOPAEMGV3YP, 0.332522
A2U58C5IL0TCN4, 0.333595
A1G8USRY17IR1X, 0.333667
A71Z81T2D96P3, 0.333674
A2R8CKV5ENL7MX, 0.333686
A3NHUQ33CFH3VM, 0.334834
A2C5IQ6FLEM4QZ, 0.336642
A1WXJ1I42UOQ2V, 0.337091
AYOMAHLWRQHUG, 0.337333
A3MEMX0XF00TBD, 0.339368
A3CG93783LP0FO, 0.340166
AMR7T2WFHHZJD, 0.341322
ASIMCC20UVK58, 0.341340
A236IN6J0H7E2V, 0.342460
AVMK3SLZ2UZ3L, 0.350877
A1RETZE165IHP8, 0.351076
A1YDL2RLXTE1LB, 0.351419
A1ODSI5CGA5ANA, 0.351450
A1OG3QEAW69749, 0.351451
A2IKJOQVJG9JL3, 0.351466
AIREEMCAO3YSY, 0.351469
A24PH6RGFDHXHU, 0.351473
A1SN27V477FNSJ, 0.351476
AXD7RT6ARS6C1, 0.351479
A1OUVRO9SUM3DK, 0.351481
A1LOOP91R07H7T, 0.351483
A2PZYE86MWEXB6, 0.351484
A2N96A168YW2C3, 0.351484
A2ZBLKE83EFNGA, 0.351486
ADYKCUDP2RUUA, 0.351486
A1CRIAKXPSIGJN, 0.351486
ACU2ERD5Z5PE4, 0.351486
AL7DGOWBRV9VC, 0.351486
A38EYY60YKDOLE, 0.351503
A70DYJ0YR91FH, 0.351503
A3HPZ6BIMNXSZR, 0.354091
AQX68X3ZLUGEQ, 0.362055
A142CJN2IB9C9Q, 0.362059
AZ5X928CQPRJN, 0.365639
A1T1YSCDW0PD25, 0.367858
AGGDI4VWPPZ6J, 0.368768
AJ6IKN18GPK5N, 0.372086
A1F6BHEYB7R6R7, 0.374232
AIBRTGBN07D6A, 0.377418
A3PD8JD9L4WEII, 0.379142
A2I1FCE78576GM, 0.379667
A2OOGNEEW60IQ, 0.379942
A3D6KZT0QG6UKB, 0.380505
A36GEDLB5A5MJ, 0.381328
A2ZY23X9IKXMON, 0.381398
A1ROUMJOGO4QMB, 0.381724
A3I9MCGO36KZ7V, 0.382203
A30IP3E4MDQ36, 0.385500
A31YSTICHFYN7O, 0.387535
ANMA1H8LGEVBF, 0.389901
A3L9L92C05PXA6, 0.390271
A1EPP56A17R62Q, 0.403308
A1BBAJVMUMR46S, 0.404128
A3NDZQKYTXW7T6, 0.405730
AW1S0LGZ7QEJU, 0.405765
A145WP4BLE31XM, 0.405773
A2HKKTXF31K3EO, 0.405775
A3VGDSF0L36D35, 0.405777
A377DJQY7K688F, 0.405785
A2DLMC7H3QPN2I, 0.405788
AI0E9895R6O4Y, 0.405791
A462XX042KTYG, 0.405793
A10RB6QTG5I80V, 0.405794
ABQO8Y591T96X, 0.405795
ABRS0P2QFS1QP, 0.405795
A1GKYALLGSSYHW, 0.405796
A1UX3N18NOREVY, 0.405796
A2OGKKYG2HM7R3, 0.405796
A3AQMFF8BIQ6M4, 0.405796
A2O8QF1THCP46H, 0.405797
AESIEYHYDIG4A, 0.405797
A7XOGL5A54TX0, 0.405797
A12WJO174B5F51, 0.405797
AXAWMQU30EARI, 0.405797
A23JH7D0Q03BA1, 0.405797
A235CCN8QMXWO2, 0.405798
AORJTIS3UJMX5, 0.405798
A3PXPVW8OBH35N, 0.405798
A38AJKRTRCRASG, 0.405798
A3HTS3RFGNT6HC, 0.405798
A2GT59NKF3231S, 0.405798
A2BH66ZGH4JKJD, 0.405798
AOP37U60U9JKU, 0.405798
A13FB7U0KAPE5G, 0.405798
A30Q0VM236EL8C, 0.405798
A1UJP71YUPP9FS, 0.405800
A2M7WZ0QF9O5A1, 0.405800
A148B6JDGBZE66, 0.405839
A2TEP2FMBLHN1N, 0.405850
APPDY8ZYWPBOJ, 0.408930
A36MS27KAA5S26, 0.412628
A170EOCWWXBLF5, 0.412829
A3N4VTNFPMTHEF, 0.412949
A26LHX89KA88DG, 0.413358
A2FVD05Z2FYW1P, 0.413466
A1OP7O7OLH0AKM, 0.413622
A2158Y2U61AU9G, 0.413638
A3HJHV83O2U8BL, 0.415549
A1NK2SF59YKURD, 0.415885
A2ZE5ICI6LWAZ0, 0.416893
A1S3DCJ9T7GAK, 0.416983
A948FPTGYXYBO, 0.417982
A1QO6RG95FVIZ5, 0.418019
AB2ZLG187MTVZ, 0.418025
A2OCINUVTZWBW, 0.419076
A31F6ZR6D33BAN, 0.421123
AUITG1DJ3QUGK, 0.421361
A3FCL4APUQPOKF, 0.421466
A2WBJCUK776FKY, 0.422113
A10YPHHHEWW6R0, 0.423950
A2DPIF50YL6BXC, 0.423956
A37DUY2LW9LKKW, 0.423958
A2OOCPLJM7I4VA, 0.423972
A1EJ95I5W5S8FK, 0.423983
A4UP3MT4NWCSS, 0.424005
A34LILWGBUXLIJ, 0.424029
A1L331YOJ0OL4Q, 0.424338
A2UDUJG17I8S1, 0.428867
A33REC3J2JU2EL, 0.432709
AZ4T61QUJHA9E, 0.433161
A2O8XS3QNT0QN4, 0.440129
A23RZIU0N8K2KR, 0.440681
A2WT042WTYHTNI, 0.443127
A3SGHTUG8I8YK2, 0.447980
A22HJXLZL766N4, 0.447997
A31ADXPMW49U5J, 0.448009
APIK52JZ16938, 0.448011
A2JD7P05XP1ISX, 0.448011
A10L8O1ZMUIMR2, 0.448011
A3BFNBSNJ9THJZ, 0.448048
AR6NE1L8XFF91, 0.448164
AOVROBZ8BNTP7, 0.452169
APPJNVNF4BFLB, 0.454336
A37USOKUTI724H, 0.462065
AKHFY3VCNZL2W, 0.463768
A106MNO7PYG1WL, 0.466381
ATNY35C54SQPO, 0.466383
AQQLWCMRNDFGI, 0.468079
A31HE5SMLZMJY4, 0.468108
AP3UNMQ4PQ87Y, 0.468792
A175N19FS2B4J, 0.468954
A23RL7GUDG5G41, 0.469206
A3JN96R8ZQ4X0P, 0.469233
A34UVV757IKPVB, 0.472806
A39NB225G8LYPY, 0.473957
A3MJARDJ31M698, 0.474176
A25EE3X3GQ6M7L, 0.474220
A10JNPPBHIKP34, 0.474223
A3KQ9HS0D646J2, 0.476268
AEA2PXYT7WYB4, 0.476278
A1JHW6YMGLJQLC, 0.476285
A2EPIQSV4NUSFI, 0.476286
A3BLNKGV0FQG3K, 0.476287
A2VAD79S4A06DD, 0.476501
A3G5MOHY1U635N, 0.479861
AMIPRQWY4IMC5, 0.480457
AWIF8AR75LL9L, 0.489177
A3AVJCB1ZD6ZY5, 0.491202
A3NDUBKYPI47N2, 0.491550
A1VUN4JU731CBH, 0.492725
A2JP9E1H0SF392, 0.492888
A1DHKKNNW6H783, 0.494282
A2PX2INC17AK2, 0.496562
A2UR44HF5K9FE5, 0.497328
A8Y7TXSUA00H1, 0.505746
A2ASW24UL56E3H, 0.506479
A1KIE0P0LYVGFK, 0.506576
A1W92PKR9AFLQW, 0.508058
A1WE8KTC20NY65, 0.509434
A2SLX6UHHYCMCV, 0.511114
A3PE884TA8529G, 0.515225
A1QHEKVEXOR0AH, 0.519740
A2HQ8RTAJYEUJO, 0.521160
A1A1BM6N28X9J0, 0.522882
A3RRVZ3LV6W4OX, 0.523874
A11VK79G41FSU6, 0.524817
A2KMY4RVMJ1EP6, 0.524852
ADMWYMH11LD27, 0.526230
A2SZWFJX0783BF, 0.527028
A1ZKFQLHFZAEH9, 0.527861
A3QX5N8RRZVJ80, 0.527861
A18RIOMAB7DJQ, 0.530275
ASWQHCBXTTMKR, 0.530284
A1EARN5PUVIF1S, 0.538339
A21S0K5PU4YO9L, 0.538393
A17GK9E70O7Y9R, 0.539798
ANEDXRFDZDL18, 0.539911
A8M42EXA7NB5L, 0.543593
A2F56CRL29D7QN, 0.543663
A3P84TZX9X1B3X, 0.545486
A2SSV6KM3W1VFD, 0.547075
A1KQ31B1998R79, 0.549107
A29BHW9YT2FZ77, 0.549123
A145IN9FBZNSL, 0.549126
A3CG6YLYZJXQG4, 0.551832
A1K31E7YNVQRIT, 0.554918
A398JRWHVAVZ9U, 0.555817
A3R7R8ARVN2P3D, 0.557592
A1WQ0EP71CG86X, 0.557691
A177HAXSCPLY7C, 0.563497
A2JX1DGG9LF4K6, 0.563498
A30QIRX0TROA6A, 0.566565
AF1H4YRBRMBB9, 0.567092
A1LQMI5ASSB1OY, 0.567652
A3L9ITICJRQWT9, 0.571697
A22W947NJCFC6V, 0.573926
A1K33E0M8K6S63, 0.573965
A3PNLVU1ZX1XJG, 0.574197
A2QFQINWX3UYHH, 0.575116
AKGG1DDHNA7XW, 0.579651
A1C217T6VWIE3, 0.579769
A2U0VD3H1K0926, 0.579773
A3S71WW0FEU9DR, 0.579784
A1JF5F9402BKBV, 0.580749
A3FIZI590M0UFO, 0.581229
A18NBQ243KLT1O, 0.581247
A3PRVC4V2CZAPR, 0.581270
A29WI9X3OVZ6OT, 0.581279
APLT0JCHBTZEQ, 0.581279
A18M0KQ6RPH2JD, 0.581280
A38G67NOP3M4UF, 0.581282
A28Q9FYX8JISN9, 0.581282
A1UUPJ50XEPSYW, 0.581282
A1BKX9MC3YAKF8, 0.584032
A2VC8GVTTU60YO, 0.586547
A14ENWEKTHCBXR, 0.591720
A3QFX2DMBWLM66, 0.596898
A3D0PV8Y6577NN, 0.598438
A3GF6WXRV7YKQ7, 0.599350
A3PJ0TNZOJ2MCI, 0.599420
A3DQWFWINN3V5A, 0.600659
AAXN5RO0QV4OD, 0.600994
A2SZLNSI5KOQJT, 0.604280
A4VMQ6ZTSXSSL, 0.610791
A2TJG4N8LNJW23, 0.613410
A1AL1QDY1TTZ3I, 0.615550
A318TWMKSNF2P1, 0.616031
A2OSKE3H4RA994, 0.617787
ABTUNH7645QJL, 0.617788
A2UCZAWAN5QMJQ, 0.618923
AOTSKKZMF4LHM, 0.620240
A3G7O69WITI57Q, 0.621142
A1B2IZU1JLZA6, 0.621183
A3AZMR12ZWD692, 0.621190
A3TS7BAOQ47DI7, 0.621203
A2E30DTXCQ807J, 0.621217
A2VSEH1IXLUBLB, 0.621220
A2UMT46JHONOU3, 0.621227
A37HCYJX1CTSF3, 0.621232
A2ICA9ZLY7FUJ5, 0.621233
A30TLPE2MSA58B, 0.621233
A20YTSYB64D24I, 0.621236
A1W3TUKVZW0NE3, 0.621237
A33IZTCQMITB0X, 0.621239
A1SFKK0DIH2JKQ, 0.621239
AYQXVKGCQ1L1Z, 0.621240
A2VNXYBE1QRCX1, 0.621241
A2TRWV1MSEEBUO, 0.621242
A3L27V7TOG1JZ, 0.621242
A2VM61X81MSHHW, 0.621242
A3O42SB12IAE4G, 0.621249
A3M5O6UHXO9IBU, 0.621250
A3Q3FT2J9P3FGK, 0.621272
A27J8YLWXBDEG2, 0.621402
A90R5PR3BF7JW, 0.621505
AZ2NZWEEPJ1JZ, 0.631681
A1KK66VC8S9OMP, 0.631696
A3NL4VV8FXZ266, 0.631706
A3TQV2O8FH6FZT, 0.634463
A1SO1PGDNVMLXC, 0.636052
AIDPKNFYTTJ9Y, 0.636632
A1V87K5ACKN3WJ, 0.638487
A2B0ZT6CQL0EM6, 0.638693
AXAJXJZUL2J5P, 0.639090
A29UDHP1O4ACV6, 0.641809
AV6G07JV1P9YC, 0.643663
A28X7NZ02016FO, 0.645715
A2CE9CFMYZC084, 0.653313
AYNIT5FYOCH30, 0.653354
A12JZ2L90VL35Y, 0.653385
AYKK46NTS0MUZ, 0.663447
A1J75JJ0Q2OEJN, 0.667994
ATJN4KEHJBOC8, 0.674054
AWAB7PKBO3BBT, 0.674144
A1QB9DL94EXMUT, 0.677159
ARYSDAZNRXN6G, 0.678256
A3NMIRV5FDCMCQ, 0.686854
A31GQ2U36G30IG, 0.686924
A3HXME9ZRYK5P, 0.687918
A1BSJF2VSVG2I8, 0.687958
ARU2H2PYTNCAX, 0.694682
A1RJUXDK64O91A, 0.695228
A7XO1DM6W3DOS, 0.695397
ADBBSN68NTDII, 0.697308
AD3NN24XE28EN, 0.697695
A1ISS4F3IRVTS0, 0.697728
A1TR2KVICYLR2V, 0.697757
A6SB8A3A2NWWE, 0.697761
A21VRPTG99PC3K, 0.697768
A3JEO703YA9U2H, 0.697768
A2P0JC3HKUETS3, 0.697783
AM8W6Y3HVXLZT, 0.704896
A3CI9DSB6Z76JF, 0.705240
A2240J73FTPR21, 0.708133
AR7TAEEUDHMUB, 0.709415
A5MXNEKQSVHEG, 0.709927
A1A763Q8427ZGY, 0.711860
A1DIFL0333QPEB, 0.714788
AWBMGLP57SAGK, 0.718297
A1UDC6QRUN4BOK, 0.719811
AQKK1FF4LFFBH, 0.723745
A2V18JN5XI2GOB, 0.724610
A1JVD71PPW5HTM, 0.735511
A26NFIQ7KWI8Y7, 0.736871
A2MUGFV2TDQ47K, 0.738314
A9GQR7CMQERSS, 0.741164
A3AMDR3RZP1RQQ, 0.741428
A33YZNZIRA3H97, 0.743191
A2AF0NOCM71J0B, 0.749323
A1O3X2RXPIB8XF, 0.753388
A2AXHGGXK5SZ8, 0.753607
A1XQKH74WID5R6, 0.753637
A16ECV9511MGE5, 0.753743
A3GGDMT5GB2BCT, 0.753743
AFNCXMCX7VZWH, 0.762466
A39EW9DLVX70B9, 0.768661
AD63V1AC9DO43, 0.768742
A1MP1R79QTOKUW, 0.776695
A3MTY0ZE9WYJHL, 0.776784
AXLEXZ750G5SE, 0.776871
A2MIHIBW4H1Y6Z, 0.787462
A2GJ13F7WIYX2E, 0.789055
A14I4G6NE1AEHJ, 0.800274
A2J0OLC480HANP, 0.800277
A7VM84CT5LK7C, 0.800278
AJP3WM478YGWB, 0.800281
AN8CSYVMUA1HF, 0.800283
A4TGFU3KSNSN1, 0.800285
A2RN7QMGL8BP73, 0.800287
A3L5QAAH3J5AKY, 0.800289
AF6JS5ITQ300A, 0.802428
A26SYXM0IZMYPN, 0.803697
A3JCSJC01SIAQX, 0.809770
ADF5WNMEPD5KT, 0.811022
A3RTF5NE40KLUA, 0.811040
A31XCH32A17X7J, 0.811055
A5335DEXO3PB9, 0.811057
A3UEALZPSRM9II, 0.811060
A1TRSGAASTT2PO, 0.811062
A1JUPMQ29HWR1W, 0.811065
A2P1QES0PI4I3F, 0.811066
A2WJY89JH9MVI9, 0.811068
A18D5OVOLCJG17, 0.811069
A144UN94BWDYXM, 0.811071
ANU1MAZBJQIA0, 0.811072
A241A7W4WQXEDX, 0.811073
AJIIIB8Z5B6ZD, 0.811074
A2XFFETFCW2A6K, 0.811075
A32IBJNXQB3HQ5, 0.811076
A7XYLJ9XFDTT9, 0.811077
A2CONC3LYTQAEU, 0.811077
A3U9QS8DG7S7JP, 0.811077
AUF2WEJPK910V, 0.811077
A21FG5A07GCSCL, 0.811077
A3FCHYBMIN5OG, 0.811077
A3PQ5N9NNRCIKH, 0.811077
A3A3RB38KY7WTM, 0.811077
A1EYQFLURDOM3D, 0.811077
A2HZHNQHJOFQBW, 0.811077
A1HV6OJ88VJPB3, 0.811077
A3F9DLB6ZLL13B, 0.811077
A2074YQOP57G8Q, 0.811077
A2NTSH6GHYAS49, 0.811081
AJ3SORTLLTWNJ, 0.811087
A1EO55TS5OD00L, 0.811092
A1XKHAW6JX686J, 0.811093
A2X3L31KCXBHCL, 0.818663
A23W8MR1H3UHOZ, 0.820809
ADNA24AADKBQ9, 0.823304
A3JCWGHCVC2ZNF, 0.829004
A2NTPZZ5FS19Q, 0.831733
A2DPYMNI2HCIOI, 0.836722
A10AFVU66A79Y1, 0.838163
ADZM7KBKRNLD, 0.839410
A2CV6KXDKFYIN1, 0.846560
A3SFMQ57CXT8Z3, 0.854279
A7EJERNB7IK3Z, 0.855486
A2EHYCA29NSQLU, 0.856693
A1T6C1X1CG9BEA, 0.865129
A1Y7N490JGD06U, 0.865606
A3B1360JOYS0GJ, 0.869594
A1MV5ATV8WXXRO, 0.870442
A1M9E1VO2KQM8U, 0.873107
A14EK7CK43XIIE, 0.873222
AYGIIQGSHKZNI, 0.877807
ASEGKEBLODKZE, 0.891337
AJLIPG8K8O294, 0.891337
A2E67UDGXGL71V, 0.895907
AJV2QY96IVPVM, 0.902941
A12NEAMW0X0OGW, 0.907624
A1TMXYXSLYQ6XH, 0.908285
A2HVVSS1M8R31N, 0.908286
A2VYJQA825S3VW, 0.908290
A1KLA02LZXAT46, 0.920283
AJKUKIVCQAWKC, 0.921543
A3U41ZL33SS92P, 0.922930
A2L35P0VQE7LBN, 0.931648
A1SN64QR5OUGTY, 0.936445
AQ6AGWKWMTY8H, 0.939120
A155ZYAPRNPD69, 0.962174
A2SS2Z1T1LXTWG, 0.970271
A2VRYFRC3SNU2B, 0.972484
A2T9XXFGPEYNSY, 0.972885
AA9DOZJQJ7393, 0.972906
A3GSZWOVHBAZ4O, 0.972946
A2WPAPA1IJOAI0, 0.975590
AQNLG42HPS5KD, 0.975688
A311GV8XGDIEOY, 0.976090
A1S0EW0NLMFVAB, 0.977067
A39Z52KPAO8YR7, 0.977441
A2V671K0SSKI0V, 0.977463
A2WM4WFT86WGKP, 0.977474
A38HBNKB5R2SJY, 0.977487
ANFBXZLR7I236, 0.977499
A2V2H26LPRZTU1, 0.977505
A2RD4IE6IWNJ58, 0.977507
A1Y9QL1OH22LT, 0.977511
ABBQNOK1V3521, 0.977513
A3M3ETMKTOK62E, 0.977513
A2V5M9PJB971I2, 0.977516
A1ID3AIRENX7GZ, 0.977516
A2P3GLJU22VAMD, 0.977516
A1J5R1BRQI15TG, 0.977516
A30W8CONAM9JI, 0.977516
A21XTSJISJEDRU, 0.977516
A2YK2OKGDJOKF2, 0.977516
A31G8HV0HQSG8L, 0.977516
A1XZ2R37RYKZXI, 0.977519
A18GDKNYA7720F, 0.977526
ASSKNUG7SHUA1, 0.993377
A2TO2BN3P4C00L, 0.994351
A13WTW1IQFI0GF, 0.996924
A3L9NGPTBJBQEL, 1.014189
A3OT1RIV0CRKDQ, 1.018591
A3KZLIEGCSSM5L, 1.018752
A2YOSGV8YE3NJ8, 1.024484
A2TP8VCDYHH3MT, 1.029324
A12OC9ZA779927, 1.029529
A3DGKUS8F7E9U3, 1.046619
A3AJDID6Q2M7HZ, 1.046629
A2YDU3RZB63VXW, 1.046634
A3A50F3ZWJ6V68, 1.046634
A1Z94P94HPWOU0, 1.046689
A1A6FO60YK0UEF, 1.047054
A196SEEGLL4OGD, 1.052670
A2R4BNNO98V4A2, 1.071353
ACEA95FQS1AVP, 1.081018
A35PBTOYQKRI0P, 1.094517
A2APBHKZCMD6DO, 1.098972
AMP7TQRWAIE84, 1.100382
AHKPZ11JT110F, 1.101035
A38M9ODTWIODV, 1.103925
AZ26CDSJ363AH, 1.109808
A17R1ETU3HI9TJ, 1.113583
AXERH6EMBR7MC, 1.113703
A3DN9L5KILW0HP, 1.113717
A3US1QSEMTLW18, 1.113725
AC57ZRGZMHNR8, 1.113725
A1GCNWD2PA81ED, 1.113771
A10GBEDF4RCOVI, 1.114772
A2R58AAJK9347Q, 1.124240
A3HHYHVG9XJ58Z, 1.124279
A1CM4DWYQICO8I, 1.124287
A3HAAMN6X92OZP, 1.124288
A1TQIPT2QBAS6Z, 1.124291
A324E9YJGBGN05, 1.124291
A2GDBQDUTOHDZ8, 1.124291
A3ADT55I2B26WG, 1.124291
A3NJAYJZTCKWG, 1.124291
A3LIF253SVDRMW, 1.124319
A1HOLE9R6WPT85, 1.130860
AGKSJ70C1ZBQD, 1.134174
A1U2VI8HX5ZXC1, 1.140467
A20OQMLRFNZADL, 1.143486
A11IDK9L74LPT1, 1.146474
A2344608CT2821, 1.152806
A2DHA9BIS3NB2H, 1.152926
A2IYLMDQGBB4VG, 1.154390
AAFRCVB8XENT1, 1.160819
A3N5SKXEA0NN57, 1.172387
A17TI3YHQNX46O, 1.175178
A1LQ1KQU70QGA, 1.185254
A3E3YJO2V3YZUM, 1.190297
A2GDBBZMMBX1L, 1.198409
A3PC3MU9CQCGSF, 1.202787
A11NFERETUWA8Z, 1.225205
A2ARL5R5P6EL7D, 1.231774
A3LOIAZYY3U9V9, 1.231840
A2MEE3BSR6USC2, 1.231931
A3G7M77IKGD1B7, 1.235694
A4JSQFCKVKX2A, 1.239208
A2LUMWYGAOS4ZR, 1.240313
A16MB0H009K4L9, 1.254780
A12BWPJGMPOO3Y, 1.254786
AZ80XGWSRV879, 1.254790
A3759QIB6KMQZ2, 1.254795
AH5NKAG8839T8, 1.254798
A2F1K346NIUSY1, 1.254802
A2A4V2TRW08GC4, 1.254807
A3TTIGRDKH9T6O, 1.254810
A7MHWORF8251S, 1.254813
A1W66FBLS1VXTE, 1.254813
AW7JE3I8B72PS, 1.254813
A3KPT4FF3J91W4, 1.254813
AFUUB7EOXJ42I, 1.254859
A36FE90RTAFJJD, 1.254871
A1JE5UZ4S352NV, 1.255615
A1ZBQ5QL976804, 1.263391
AXV5CT7AG4SYO, 1.263636
A2APHQA8UQTV0, 1.263662
AQ5JDBXICB18J, 1.284399
A3S76TKGIJ8031, 1.286124
A3KLC58UPARUHW, 1.317103
A3BO53PLZP6JHR, 1.322010
A12KIEG8N4UJD6, 1.333147
A21D8LH2CD2EIZ, 1.333147
ATZ0P4653KL13, 1.335256
A1SB8CXAUIKT8X, 1.347198
A21Z0377YERLCH, 1.351830
AZG3HY4YMNDBB, 1.355897
A101HSNF12PR4Y, 1.371825
A2TOO8WCGY5VFG, 1.371855
A2NIWOK7H2EWRR, 1.371879
A1ADBFXP4CFNRA, 1.371879
A1GCJGSIFEZF2X, 1.371924
A2429SSTK8K5US, 1.371926
A1EL9U1B1PJYF5, 1.372191
A16O0S1QROXGJM, 1.379390
A33ZYFE8XMKKR1, 1.383469
A2WS6FMF750EI9, 1.389843
A1ZKYELIGGB3K9, 1.396664
A36EANE2RDJQ8K, 1.402499
AF3BYMPWKWO8F, 1.404505
ATXHMAP3ED09F, 1.417199
A1FK9YLS9IEQGO, 1.435985
A1NSZ5JUXSJZ8C, 1.477665
A1H7CKOA2DQJU0, 1.477680
A24B9YQ1YWFHLF, 1.477683
A25W56ML0PB3SM, 1.477707
A36U7NO5WC37HO, 1.477717
ALDMJXA99NXEB, 1.477717
A3S88SC5W0MC5H, 1.477763
A1FSZILKM1W3NN, 1.485240
AS9BM0ZQOXMCY, 1.485277
A2VUD4SPJO4V33, 1.489116
A8DR6JIHBM6K5, 1.505442
A1R0Z1BJGWRH8E, 1.529556
APA1GLNHF6K9H, 1.569817
A366K8ZPVIM9OW, 1.569889
ABCNNP742AV30, 1.570714
ACVW32PGY0RH5, 1.573143
AJXA1LEPPNFW4, 1.575567
A2W3KOTHFGVNMT, 1.631887
A4JYAW6LTDZ4Q, 1.652161
A3E5PHPXUU0T58, 1.662388
A27MOT4ZIUAKIW, 1.662395
A4V3R95M69Z1B, 1.662408
A3HTMUB72A5P79, 1.662422
A3NKQ6NPDL9J7Q, 1.662429
A2EG5ZEK4S4E7F, 1.662429
AJSQODVTPYBKP, 1.662429
A2BYMZ09DS2T0B, 1.701259
A3TJPSWY2HE4BS, 1.718683
A1ODU9IV6O87IB, 1.718765
A15ASTBZBU7AXD, 1.739642
A1CVPBZYFSVIAQ, 1.743798
A21J6NI4JKSOK2, 1.743850
A386OP2O7Z5Y5L, 1.786228
A14VQRIH3FDX5K, 1.795239
A3JLECMNWC4LDY, 1.808656
A3D7FUBG14QWKX, 1.829638
A2Q5YDEQBRBZMK, 1.839836
A3J5FVO3TJL6VZ, 1.840180
APZ7L50ZMS3EI, 1.865364
A240JPZ4EINMDJ, 1.886213
A2ASEKR0NI5EK5, 1.889306
A1P6S7F4MD476C, 1.889307
A2RFDK0V0RR7HF, 1.889344
A13Q406RQU44OP, 1.889360
A3HZZYLFH0R397, 1.889416
A3UFRBCC1CSCSJ, 1.889440
A2S2RFBCSQBL4W, 1.889451
A2VQWV1HMW99AS, 1.889460
A2XPZJEV1JP19U, 1.889495
A1TDGLDUNPABKI, 1.889510
A3T8J075H85W5A, 1.889510
AFBAML6LS05KB, 1.889510
A2OLJKXJBAYBTY, 1.889510
A3C90IMAT0PH0T, 1.889617
AAJAN7GE1QUUG, 1.916701
A1RUS8VOWCIC28, 2.002530
A1T2WKMLGSO507, 2.039451
A31MZR41SM9JU5, 2.074627
A2V2GS1VOYGP2Y, 2.074628
A1FEP94TP15RG0, 2.097987
A37BNU9KEYV2UC, 2.230331
A3ARC3UIY3Z1KQ, 2.233032
A2WNN1DQVL4LH5, 2.346219
A1CYNZMKTXO222, 2.443566
A3JUM0WSKPN0NT, 2.443789
A3OJ5D1THAJKYY, 2.443795
A1AAOIZQ5JNUVL, 2.443811
AKZKG2Z7CNV27, 2.626124
